{
	"format_version": "1.10.0",
	"geometry.bee": {
		"texturewidth": 64,
		"textureheight": 64,
		"visible_bounds_width": 3,
		"visible_bounds_height": 2.5,
		"visible_bounds_offset": [0, 0.75, 0],
		"bones": [
			{
				"name": "body",
				"pivot": [0.5, 3, 0],
				"cubes": [
					{"origin": [-3, 2, -5], "size": [5, 5, 7], "uv": [0, 0]},
					{"origin": [0, 6, -6], "size": [2, 1, 3], "uv": [0, 12]},
					{"origin": [-2, 6, -6], "size": [2, 1, 3], "uv": [0, 12]}
				],
				"locators": {
					"lead": [0, 4, -1]
				}
			},
			{
				"name": "stinger",
				"parent": "body",
				"pivot": [0.5, 6, 1],
				"cubes": [
					{"origin": [-0.5, 4, 2], "size": [1, 1, 2], "uv": [18, 12]}
				]
			},
			{
				"name": "rightwing_bone",
				"parent": "body",
				"pivot": [-2, 8, 4],
				"rotation": [15, -15, 0],
				"cubes": [
					{"origin": [-11, 9, -3], "size": [9, 0, 6], "uv": [0, 18]}
				]
			},
			{
				"name": "leftwing_bone",
				"parent": "body",
				"pivot": [2, 8, 4],
				"rotation": [15, 15, 0],
				"cubes": [
					{"origin": [1, 9, -3], "size": [9, 0, 6], "uv": [9, 24]}
				]
			},
			{
				"name": "leg_front",
				"parent": "body",
				"pivot": [2, 2, -2],
				"cubes": [
					{"origin": [-3, 1, -3], "size": [7, 2, 0], "uv": [26, 1]}
				]
			},
			{
				"name": "leg_mid",
				"parent": "body",
				"pivot": [2, 2, 0],
				"cubes": [
					{"origin": [-3, 1, -1], "size": [7, 2, 0], "uv": [26, 3]}
				]
			},
			{
				"name": "leg_back",
				"parent": "body",
				"pivot": [2, 2, 2],
				"cubes": [
					{"origin": [-3, 1, 1], "size": [7, 2, 0], "uv": [26, 5]}
				]
			}
		]
	}
}