{"format_version":"1.8.0","geometry.villager":{"bones":[{"cubes":[{"origin":[-4,24,-4],"size":[8,10,8],"uv":[0,0]}],"name":"head","pivot":[0,24,0]},{"cubes":[{"origin":[-1,25,-6],"size":[2,4,2],"uv":[24,0]}],"name":"nose","parent":"head","pivot":[0,26,0]},{"cubes":[{"origin":[-4,12,-3],"size":[8,12,6],"uv":[16,20]},{"inflate":0.5,"origin":[-4,6,-3],"size":[8,18,6],"uv":[0,38]}],"name":"body"},{"cubes":[{"origin":[-4,16,-2],"size":[8,4,4],"uv":[40,38]},{"origin":[-8,16,-2],"size":[4,8,4],"uv":[44,22]},{"mirror":true,"origin":[4,16,-2],"size":[4,8,4],"uv":[44,22]}],"name":"arms","pivot":[0,22,0]},{"cubes":[{"origin":[-4,0,-2],"size":[4,12,4],"uv":[0,22]}],"name":"leg0","pivot":[-2,12,0]},{"cubes":[{"origin":[0,0,-2],"size":[4,12,4],"uv":[0,22]}],"mirror":true,"name":"leg1","pivot":[2,12,0]}],"visible_bounds_height":2.5,"visible_bounds_offset":[0,1.25,0],"visible_bounds_width":1.5}}