[
  {
    "atlas_tile": "fire_0",
    "flipbook_texture": "textures/blocks/fire_0",
    "frames": [ 13, 14, 15, 16, 17, 18, 19, 20, 21, 22, 23, 24, 0, 1, 2, 3, 4, 5, 6, 7, 8, 9, 10, 11, 12 ]
  },
  {
    "atlas_tile": "fire_1",
    "flipbook_texture": "textures/blocks/fire_0",
    "frames": [ 0, 1, 2, 3, 4, 5, 6, 7, 8, 9, 10, 11, 12, 13, 14, 15, 16, 17, 18, 19, 20, 21, 22, 23, 24 ]
  },
  {
    "atlas_tile": "still_water",
    "flipbook_texture": "textures/blocks/water_still",
    "ticks_per_frame": 1
  },
  {
    "atlas_tile": "flowing_water",
    "flipbook_texture": "textures/blocks/water_flow",
    "replicate": 2,
    "ticks_per_frame": 1
  },
  {
    "atlas_tile": "cauldron_water",
    "flipbook_texture": "textures/blocks/cauldron_water",
    "ticks_per_frame": 1
  },
  {
    "atlas_tile": "still_lava",
    "flipbook_texture": "textures/blocks/lava_still",
    "ticks_per_frame": 1
  },
  {
    "atlas_tile": "flowing_lava",
    "flipbook_texture": "textures/blocks/lava_flow",
    "replicate": 2,
    "ticks_per_frame": 4
  },
  {
    "flipbook_texture": "textures/blocks/kelp_a",
    "atlas_tile": "kelp_a",
    "ticks_per_frame": 2,
    "frames": [ 0, 1, 2, 3, 4, 5, 6, 7, 8, 9, 10, 11, 12, 13, 14, 15, 16, 17 ]
  },
  {
    "flipbook_texture": "textures/blocks/kelp_b",
    "atlas_tile": "kelp_b",
    "ticks_per_frame": 2,
    "frames": [ 5, 6, 7, 8, 9, 10, 11, 12, 13, 14, 15, 16, 17, 0, 1, 2, 3, 4 ]
  },
  {
    "flipbook_texture": "textures/blocks/kelp_c",
    "atlas_tile": "kelp_c",
    "ticks_per_frame": 2,
    "frames": [ 11, 12, 13, 14, 15, 16, 17, 0, 1, 2, 3, 4, 5, 6, 7, 8, 9, 10 ]
  },
  {
    "flipbook_texture": "textures/blocks/kelp_d",
    "atlas_tile": "kelp_d",
    "ticks_per_frame": 2,
    "frames": [ 15, 16, 17, 0, 1, 2, 3, 4, 5, 6, 7, 8, 9, 10, 11, 12, 13, 14 ]
  },
  {
    "flipbook_texture": "textures/blocks/kelp_top",
    "atlas_tile": "kelp_top",
    "ticks_per_frame": 2,
    "frames": [ 0, 1, 2, 3, 4, 5, 6, 7, 8, 9, 10, 11, 12, 13, 14, 15, 16, 17 ]
  },
  {
    "flipbook_texture": "textures/blocks/kelp_top_bulb",
    "atlas_tile": "kelp_top_bulb",
    "ticks_per_frame": 2,
    "frames": [ 11, 12, 13, 14, 15, 16, 17, 0, 1, 2, 3, 4, 5, 6, 7, 8, 9, 10 ]
  },
  {
    "flipbook_texture": "textures/blocks/seagrass",
    "atlas_tile": "seagrass_short",
    "frames": [ 0, 1, 2, 3, 4, 5, 6, 7, 8, 9, 10, 11, 12, 13, 14, 15, 16, 17 ],
    "ticks_per_frame": 2
  },
  {
    "flipbook_texture": "textures/blocks/seagrass_doubletall_bottom_a",
    "atlas_tile": "seagrass_tall_bot_a",
    "frames": [ 0, 1, 2, 3, 4, 5, 6, 7, 8, 9, 10, 11, 12, 13, 14, 15, 16, 17, 18 ],
    "ticks_per_frame": 2
  },
  {
    "flipbook_texture": "textures/blocks/seagrass_doubletall_bottom_b",
    "atlas_tile": "seagrass_tall_bot_b",
    "frames": [ 0, 1, 2, 3, 4, 5, 6, 7, 8, 9, 10, 11, 12, 13, 14, 15, 16, 17, 18 ],
    "ticks_per_frame": 2
  },
  {
    "flipbook_texture": "textures/blocks/seagrass_doubletall_top_a",
    "atlas_tile": "seagrass_tall_top_a",
    "frames": [ 0, 1, 2, 3, 4, 5, 6, 7, 8, 9, 10, 11, 12, 13, 14, 15, 16, 17, 18 ],
    "ticks_per_frame": 2
  },
  {
    "flipbook_texture": "textures/blocks/seagrass_doubletall_top_b",
    "atlas_tile": "seagrass_tall_top_b",
    "frames": [ 0, 1, 2, 3, 4, 5, 6, 7, 8, 9, 10, 11, 12, 13, 14, 15, 16, 17, 18 ],
    "ticks_per_frame": 2
  },
  {
    "atlas_tile": "prismarine",
    "flipbook_texture": "textures/blocks/prismarine_rough",
    "frames": [ 0, 1, 0, 2, 0, 3, 0, 1, 2, 1, 3, 1, 0, 2, 1, 2, 3, 2, 0, 3, 1, 3 ],
    "ticks_per_frame": 200
  },
  {
    "atlas_tile": "portal",
    "flipbook_texture": "textures/blocks/portal"
  },
  {
    "atlas_tile": "sea_lantern",
    "flipbook_texture": "textures/blocks/sea_lantern",
    "ticks_per_frame": 16
  },
  {
    "atlas_tile": "glowstone",
    "flipbook_texture": "textures/blocks/glowstone",
    "frames": [ 0, 1, 2, 3, 2, 1 ],
    "ticks_per_frame": 8
  },
  {
    "atlas_tile": "shroomlight",
    "flipbook_texture": "textures/blocks/shroomlight",
    "frames": [ 0, 1, 2, 3, 2, 1 ],
    "ticks_per_frame": 8
  },
  {
    "atlas_tile": "furnace_front_on",
    "flipbook_texture": "textures/blocks/furnace_front_on",
    "frames": [ 0, 1, 2, 3, 4, 5, 6, 7 ],
    "ticks_per_frame": 4
  },
  {
    "atlas_tile": "pumpkin_face_on",
    "flipbook_texture": "textures/blocks/pumpkin_face_on",
    "frames": [ 0, 2, 0, 1 ],
    "ticks_per_frame": 6
  },
  {
    "atlas_tile": "command_block_front",
    "flipbook_texture": "textures/blocks/command_block_front",
    "ticks_per_frame": 10
  },
  {
    "atlas_tile": "command_block_back",
    "flipbook_texture": "textures/blocks/command_block_back",
    "ticks_per_frame": 10
  },
  {
    "atlas_tile": "command_block_side",
    "flipbook_texture": "textures/blocks/command_block_side",
    "ticks_per_frame": 10
  },
  {
    "atlas_tile": "command_block_conditional_side",
    "flipbook_texture": "textures/blocks/command_block_conditional",
    "ticks_per_frame": 10
  },
  {
    "atlas_tile": "command_block_repeating_front",
    "flipbook_texture": "textures/blocks/repeating_command_block_front",
    "ticks_per_frame": 10
  },
  {
    "atlas_tile": "command_block_repeating_back",
    "flipbook_texture": "textures/blocks/repeating_command_block_back",
    "ticks_per_frame": 10
  },
  {
    "atlas_tile": "command_block_repeating_side",
    "flipbook_texture": "textures/blocks/repeating_command_block_side",
    "ticks_per_frame": 10
  },
  {
    "atlas_tile": "command_block_repeating_conditional_side",
    "flipbook_texture": "textures/blocks/repeating_command_block_conditional",
    "ticks_per_frame": 10
  },
  {
    "atlas_tile": "command_block_chain_front",
    "flipbook_texture": "textures/blocks/chain_command_block_front",
    "ticks_per_frame": 10
  },
  {
    "atlas_tile": "command_block_chain_back",
    "flipbook_texture": "textures/blocks/chain_command_block_back",
    "ticks_per_frame": 10
  },
  {
    "atlas_tile": "command_block_chain_side",
    "flipbook_texture": "textures/blocks/chain_command_block_side",
    "ticks_per_frame": 10
  },
  {
    "atlas_tile": "command_block_chain_conditional_side",
    "flipbook_texture": "textures/blocks/chain_command_block_conditional",
    "ticks_per_frame": 10
  },
  {
    "atlas_tile": "magma",
    "flipbook_texture": "textures/blocks/magma",
    "frames": [ 0, 1, 2, 3, 4, 5, 6, 7 ],
    "ticks_per_frame": 6
  },
  {
    "flipbook_texture": "textures/blocks/blast_furnace_front_on",
    "atlas_tile": "blast_furnace_front_on",
	"frames": [ 0, 1, 2, 1 ],
    "ticks_per_frame": 6
  },
  {
    "flipbook_texture": "textures/blocks/blast_furnace_top_on",
    "atlas_tile": "blast_furnace_top_on",
	"frames": [ 0, 1, 2, 1 ],
    "ticks_per_frame": 6
  },
  {
    "flipbook_texture": "textures/blocks/smoker_front_on",
    "atlas_tile": "smoker_front_on",
    "ticks_per_frame": 6
  },
  {
    "flipbook_texture": "textures/blocks/campfire",
    "atlas_tile": "campfire_fire",
    "ticks_per_frame": 2
  },
  {
    "flipbook_texture": "textures/blocks/lantern",
    "atlas_tile": "lantern",
    "ticks_per_frame": 8
  },
  {
    "flipbook_texture": "textures/blocks/stonecutter2_saw",
    "atlas_tile": "stonecutter2_saw",
    "frames": [ 0, 1, 2, 3 ],
    "ticks_per_frame": 1
  },
  {
    "flipbook_texture": "textures/blocks/campfire_log_lit",
    "atlas_tile": "campfire_log_lit",
    "frames": [ 0, 1, 2, 3 ],
    "ticks_per_frame": 8
  },
  {
    "flipbook_texture": "textures/blocks/huge_fungus/crimson_log_side",
    "atlas_tile": "crimson_log_side",
    "ticks_per_frame": 10
  },
  {
    "flipbook_texture": "textures/blocks/huge_fungus/warped_stem_side",
    "atlas_tile": "warped_stem_side",
    "ticks_per_frame": 10
  },
  {
    "flipbook_texture": "textures/blocks/soul_fire_0",
    "atlas_tile": "soul_fire_0",
    "frames": [ 13, 14, 15, 16, 17, 18, 19, 20, 21, 22, 23, 24, 0, 1, 2, 3, 4, 5, 6, 7, 8, 9, 10, 11, 12 ]
  },
  {
    "flipbook_texture": "textures/blocks/soul_fire_0",
    "atlas_tile": "soul_fire_1",
    "frames": [ 0, 1, 2, 3, 4, 5, 6, 7, 8, 9, 10, 11, 12, 13, 14, 15, 16, 17, 18, 19, 20, 21, 22, 23, 24 ]
  },
  {
    "flipbook_texture": "textures/blocks/soul_lantern",
    "atlas_tile": "soul_lantern",
    "ticks_per_frame": 8
  },
  {
    "flipbook_texture": "textures/blocks/verdant_froglight",
    "atlas_tile": "verdant_froglight",
    "ticks_per_frame": 10
  },
  {
    "flipbook_texture": "textures/blocks/ochre_froglight",
    "atlas_tile": "ochre_froglight",
    "ticks_per_frame": 10
  },
  {
    "flipbook_texture": "textures/blocks/pearlescent_froglight",
    "atlas_tile": "pearlescent_froglight",
    "ticks_per_frame": 10
  }
]