{
	"resource_pack_name": "vanilla",
	"texture_name": "atlas.items",
	"texture_data": {
		"apple": {
			"textures": "textures/items/apple"
		},
		"apple_golden": {
			"textures": "textures/items/apple_golden"
		},
		"arrow": {
			"textures": "textures/items/arrow"
		},
		"axe": {
			"textures": [
				"textures/items/wood_axe",
				"textures/items/stone_axe",
				"textures/items/iron_axe",
				"textures/items/gold_axe",
				"textures/items/diamond_axe"
			]
		},
		"bed": {
			"textures": [
				"textures/items/bed_white",
				"textures/items/bed_orange",
				"textures/items/bed_magenta",
				"textures/items/bed_light_blue",
				"textures/items/bed_yellow",
				"textures/items/bed_lime",
				"textures/items/bed_pink",
				"textures/items/bed_gray",
				"textures/items/bed_silver",
				"textures/items/bed_cyan",
				"textures/items/bed_purple",
				"textures/items/bed_blue",
				"textures/items/bed_brown",
				"textures/items/bed_green",
				"textures/items/bed_red",
				"textures/items/bed_black"
			]
		},
		"beef_cooked": {
			"textures": "textures/items/beef_cooked"
		},
		"beef_raw": {
			"textures": "textures/items/beef_raw"
		},
		"blaze_powder": {
			"textures": "textures/items/blaze_powder"
		},
		"blaze_rod": {
			"textures": "textures/items/blaze_rod"
		},
		"boat": {
			"textures": [
				"textures/items/boat_oak",
				"textures/items/boat_spruce",
				"textures/items/boat_birch",
				"textures/items/boat_jungle",
				"textures/items/boat_acacia",
				"textures/items/boat_darkoak"
			]
		},
		"bone": {
			"textures": "textures/items/bone"
		},
		"book_enchanted": {
			"textures": "textures/items/book_enchanted"
		},
		"book_normal": {
			"textures": "textures/items/book_normal"
		},
		"book_writable": {
			"textures": "textures/items/book_writable"
		},
		"book_written": {
			"textures": "textures/items/book_written"
		},
		"book_portfolio": {
			"textures": "textures/items/book_portfolio"
		},
		"boots": {
			"textures": [
				"textures/items/leather_boots",
				"textures/items/chainmail_boots",
				"textures/items/iron_boots",
				"textures/items/gold_boots",
				"textures/items/diamond_boots"
			]
		},
		"bowl": {
			"textures": "textures/items/bowl"
		},
		"bow_pulling": {
			"textures": [
				"textures/items/bow_pulling_0",
				"textures/items/bow_pulling_1",
				"textures/items/bow_pulling_2"
			]
		},
		"bow_standby": {
			"textures": "textures/items/bow_standby"
		},
		"bread": {
			"textures": "textures/items/bread"
		},
		"brewing_stand": {
			"textures": "textures/items/brewing_stand"
		},
		"brick": {
			"textures": "textures/items/brick"
		},
		"bucket": {
			"textures": [
				"textures/items/bucket_empty",
				"textures/items/bucket_milk",
				"textures/items/bucket_water",
				"textures/items/bucket_lava",
				"textures/items/bucket_cod",
				"textures/items/bucket_salmon",
				"textures/items/bucket_tropical",
				"textures/items/bucket_pufferfish"
			]
		},
		"cake": {
			"textures": "textures/items/cake"
		},
		"campfire": {
			"textures": "textures/items/campfire"
		},
		"carrot": {
			"textures": "textures/items/carrot"
		},
		"carrot_golden": {
			"textures": "textures/items/carrot_golden"
		},
		"carrot_on_a_stick": {
			"textures": "textures/items/carrot_on_a_stick"
		},
		"beetroot": {
			"textures": "textures/items/beetroot"
		},
		"cauldron": {
			"textures": "textures/items/cauldron"
		},
		"charcoal": {
			"textures": "textures/items/charcoal"
		},
		"chestplate": {
			"textures": [
				"textures/items/leather_chestplate",
				"textures/items/chainmail_chestplate",
				"textures/items/iron_chestplate",
				"textures/items/gold_chestplate",
				"textures/items/diamond_chestplate"
			]
		},
		"chicken_cooked": {
			"textures": "textures/items/chicken_cooked"
		},
		"chicken_raw": {
			"textures": "textures/items/chicken_raw"
		},
		"chorus_fruit": {
			"textures": "textures/items/chorus_fruit"
		},
		"chorus_fruit_popped": {
			"textures": "textures/items/chorus_fruit_popped"
		},
		"mutton_cooked": {
			"textures": "textures/items/mutton_cooked"
		},
		"mutton_raw": {
			"textures": "textures/items/mutton_raw"
		},
		"clay_ball": {
			"textures": "textures/items/clay_ball"
		},
		"coal": {
			"textures": "textures/items/coal"
		},
		"comparator": {
			"textures": "textures/items/comparator"
		},
		"cookie": {
			"textures": "textures/items/cookie"
		},
		"crossbow_pulling": {
			"textures": [
				"textures/items/crossbow_pulling_0",
				"textures/items/crossbow_pulling_1",
				"textures/items/crossbow_pulling_2",
				"textures/items/crossbow_arrow",
				"textures/items/crossbow_firework"
			]
		},
		"crossbow_standby": {
			"textures": "textures/items/crossbow_standby"
		},
		"diamond": {
			"textures": "textures/items/diamond"
		},
		"diamond_horse_armor": {
			"textures": "textures/items/diamond_horse_armor"
		},
		"iron_door": {
			"textures": "textures/items/door_iron"
		},
		"wooden_door": {
			"textures": "textures/items/door_wood"
		},
		"spruce_door": {
			"textures": "textures/items/door_spruce"
		},
		"birch_door": {
			"textures": "textures/items/door_birch"
		},
		"jungle_door": {
			"textures": "textures/items/door_jungle"
		},
		"acacia_door": {
			"textures": "textures/items/door_acacia"
		},
		"dark_oak_door": {
			"textures": "textures/items/door_dark_oak"
		},
		"dragon_breath": {
			"textures": "textures/items/dragons_breath"
		},
		"dried_kelp": {
			"textures": "textures/items/dried_kelp"
		},
		"dye_powder": {
			"textures": [
				"textures/items/dye_powder_black",
				"textures/items/dye_powder_red",
				"textures/items/dye_powder_green",
				"textures/items/dye_powder_brown",
				"textures/items/dye_powder_blue",
				"textures/items/dye_powder_purple",
				"textures/items/dye_powder_cyan",
				"textures/items/dye_powder_silver",
				"textures/items/dye_powder_gray",
				"textures/items/dye_powder_pink",
				"textures/items/dye_powder_lime",
				"textures/items/dye_powder_yellow",
				"textures/items/dye_powder_light_blue",
				"textures/items/dye_powder_magenta",
				"textures/items/dye_powder_orange",
				"textures/items/dye_powder_white",
				"textures/items/dye_powder_black_new",
				"textures/items/dye_powder_brown_new",
				"textures/items/dye_powder_blue_new",
				"textures/items/dye_powder_white_new"
			]
		},
		"egg": {
			"textures": "textures/items/egg"
		},
		"emerald": {
			"textures": "textures/items/emerald"
		},
		"empty_armor_slot_boots": {
			"textures": "textures/items/empty_armor_slot_boots"
		},
		"empty_armor_slot_chestplate": {
			"textures": "textures/items/empty_armor_slot_chestplate"
		},
		"empty_armor_slot_helmet": {
			"textures": "textures/items/empty_armor_slot_helmet"
		},
		"empty_armor_slot_leggings": {
			"textures": "textures/items/empty_armor_slot_leggings"
		},
		"empty_armor_slot_shield": {
			"textures": "textures/items/empty_armor_slot_shield"
		},
		"ender_eye": {
			"textures": "textures/items/ender_eye"
		},
		"ender_pearl": {
			"textures": "textures/items/ender_pearl"
		},
		"end_crystal": {
			"textures": "textures/items/end_crystal"
		},
		"experience_bottle": {
			"textures": "textures/items/experience_bottle"
		},
		"feather": {
			"textures": "textures/items/feather"
		},
		"fireball": {
			"textures": "textures/items/fireball"
		},
		"fireworks": {
			"textures": "textures/items/fireworks"
		},
		"fireworks_charge": {
			"textures": [
				"textures/items/fireworks_charge"
			]
		},
		"fishing_rod": {
			"textures": [
				"textures/items/fishing_rod_uncast",
				"textures/items/fishing_rod_cast"
			]
		},
		"fish": {
			"textures": "textures/items/fish_raw"
		},
		"salmon": {
			"textures": "textures/items/fish_salmon_raw"
		},
		"clownfish": {
			"textures": "textures/items/fish_clownfish_raw"
		},
		"pufferfish": {
			"textures": "textures/items/fish_pufferfish_raw"
		},
		"cooked_fish": {
			"textures": "textures/items/fish_cooked"
		},
		"cooked_salmon": {
			"textures": "textures/items/fish_salmon_cooked"
		},
		"elytra": {
			"textures": [
				"textures/items/elytra",
				"textures/items/broken_elytra"
			]
		},
		"flint": {
			"textures": "textures/items/flint"
		},
		"flint_and_steel": {
			"textures": "textures/items/flint_and_steel"
		},
		"flower_pot": {
			"textures": "textures/items/flower_pot"
		},
		"ghast_tear": {
			"textures": "textures/items/ghast_tear"
		},
		"glowstone_dust": {
			"textures": "textures/items/glowstone_dust"
		},
		"gold_horse_armor": {
			"textures": "textures/items/gold_horse_armor"
		},
		"gold_ingot": {
			"textures": "textures/items/gold_ingot"
		},
		"gold_nugget": {
			"textures": "textures/items/gold_nugget"
		},
		"iron_nugget": {
			"textures": "textures/items/iron_nugget"
		},
		"gunpowder": {
			"textures": "textures/items/gunpowder"
		},
		"helmet": {
			"textures": [
				"textures/items/leather_helmet",
				"textures/items/chainmail_helmet",
				"textures/items/iron_helmet",
				"textures/items/gold_helmet",
				"textures/items/diamond_helmet"
			]
		},
		"hoe": {
			"textures": [
				"textures/items/wood_hoe",
				"textures/items/stone_hoe",
				"textures/items/iron_hoe",
				"textures/items/gold_hoe",
				"textures/items/diamond_hoe"
			]
		},
		"hopper": {
			"textures": "textures/items/hopper"
		},
		"iron_horse_armor": {
			"textures": "textures/items/iron_horse_armor"
		},
		"iron_ingot": {
			"textures": "textures/items/iron_ingot"
		},
		"item_frame": {
			"textures": "textures/items/item_frame"
		},
		"kelp": {
			"textures": "textures/items/kelp"
		},
		"lead": {
			"textures": "textures/items/lead"
		},
		"leather": {
			"textures": "textures/items/leather"
		},
		"leather_horse_armor": {
			"textures": "textures/items/leather_horse_armor"
		},
		"leggings": {
			"textures": [
				"textures/items/leather_leggings",
				"textures/items/chainmail_leggings",
				"textures/items/iron_leggings",
				"textures/items/gold_leggings",
				"textures/items/diamond_leggings"
			]
		},
		"magma_cream": {
			"textures": "textures/items/magma_cream"
		},
		"map_empty": {
			"textures": "textures/items/map_empty"
		},
		"map_filled": {
			"textures": [
				"textures/items/map_filled",
				"textures/items/map_filled",
				"textures/items/map_filled",
				"textures/items/map_monument",
				"textures/items/map_mansion",
				"textures/items/map_nautilus",
				"textures/items/map_locked"
			]
		},
		"melon": {
			"textures": "textures/items/melon"
		},
		"melon_speckled": {
			"textures": "textures/items/melon_speckled"
		},
		"minecart_chest": {
			"textures": "textures/items/minecart_chest"
		},
		"minecart_command_block": {
			"textures": "textures/items/minecart_command_block"
		},
		"minecart_furnace": {
			"textures": "textures/items/minecart_furnace"
		},
		"minecart_hopper": {
			"textures": "textures/items/minecart_hopper"
		},
		"minecart_normal": {
			"textures": "textures/items/minecart_normal"
		},
		"minecart_tnt": {
			"textures": "textures/items/minecart_tnt"
		},
		"mushroom_stew": {
			"textures": "textures/items/mushroom_stew"
		},
		"beetroot_soup": {
			"textures": "textures/items/beetroot_soup"
		},
		"name_tag": {
			"textures": "textures/items/name_tag"
		},
		"nautilus_shell": {
			"textures": "textures/items/nautilus"
		},
		"heart_of_the_sea": {
			"textures": "textures/items/heartofthesea_closed"
		},
		"netherbrick": {
			"textures": "textures/items/netherbrick"
		},
		"nether_star": {
			"textures": "textures/items/nether_star"
		},
		"nether_wart": {
			"textures": "textures/items/nether_wart"
		},
		"painting": {
			"textures": "textures/items/painting"
		},
		"paper": {
			"textures": "textures/items/paper"
		},
		"pickaxe": {
			"textures": [
				"textures/items/wood_pickaxe",
				"textures/items/stone_pickaxe",
				"textures/items/iron_pickaxe",
				"textures/items/gold_pickaxe",
				"textures/items/diamond_pickaxe"
			]
		},
		"phantom_membrane": {
			"textures": "textures/items/phantom_membrane"
		},
		"porkchop_cooked": {
			"textures": "textures/items/porkchop_cooked"
		},
		"porkchop_raw": {
			"textures": "textures/items/porkchop_raw"
		},
		"potato": {
			"textures": "textures/items/potato"
		},
		"potato_baked": {
			"textures": "textures/items/potato_baked"
		},
		"potato_poisonous": {
			"textures": "textures/items/potato_poisonous"
		},
		"potion_bottle_drinkable": {
			"textures": [
				"textures/items/potion_bottle_drinkable",
				"textures/items/potion_bottle_moveSpeed",
				"textures/items/potion_bottle_moveSlowdown",
				"textures/items/potion_bottle_digSpeed",
				"textures/items/potion_bottle_digSlowdown",
				"textures/items/potion_bottle_damageBoost",
				"textures/items/potion_bottle_heal",
				"textures/items/potion_bottle_harm",
				"textures/items/potion_bottle_jump",
				"textures/items/potion_bottle_confusion",
				"textures/items/potion_bottle_regeneration",
				"textures/items/potion_bottle_resistance",
				"textures/items/potion_bottle_fireResistance",
				"textures/items/potion_bottle_waterBreathing",
				"textures/items/potion_bottle_invisibility",
				"textures/items/potion_bottle_blindness",
				"textures/items/potion_bottle_nightVision",
				"textures/items/potion_bottle_hunger",
				"textures/items/potion_bottle_weakness",
				"textures/items/potion_bottle_poison",
				"textures/items/potion_bottle_wither",
				"textures/items/potion_bottle_healthBoost",
				"textures/items/potion_bottle_absorption",
				"textures/items/potion_bottle_saturation",
				"textures/items/potion_bottle_levitation",
				"textures/items/potion_bottle_turtleMaster",
				"textures/items/potion_bottle_slowFall"
			]
		},
		"potion_bottle_empty": {
			"textures": "textures/items/potion_bottle_empty"
		},
		"potion_bottle_lingering": {
			"textures": [
				"textures/items/potion_bottle_lingering",
				"textures/items/potion_bottle_lingering_moveSpeed",
				"textures/items/potion_bottle_lingering_moveSlowdown",
				"textures/items/potion_bottle_lingering_damageBoost",
				"textures/items/potion_bottle_lingering_heal",
				"textures/items/potion_bottle_lingering_harm",
				"textures/items/potion_bottle_lingering_jump",
				"textures/items/potion_bottle_lingering_regeneration",
				"textures/items/potion_bottle_lingering_fireResistance",
				"textures/items/potion_bottle_lingering_waterBreathing",
				"textures/items/potion_bottle_lingering_invisibility",
				"textures/items/potion_bottle_lingering_nightVision",
				"textures/items/potion_bottle_lingering_weakness",
				"textures/items/potion_bottle_lingering_poison",
				"textures/items/potion_bottle_lingering_wither",
				"textures/items/potion_bottle_lingering_turtleMaster",
				"textures/items/potion_bottle_lingering_slowFall"
			]
		},
		"potion_bottle_splash": {
			"textures": [
				"textures/items/potion_bottle_splash",
				"textures/items/potion_bottle_splash_moveSpeed",
				"textures/items/potion_bottle_splash_moveSlowdown",
				"textures/items/potion_bottle_splash_digSpeed",
				"textures/items/potion_bottle_splash_digSlowdown",
				"textures/items/potion_bottle_splash_damageBoost",
				"textures/items/potion_bottle_splash_heal",
				"textures/items/potion_bottle_splash_harm",
				"textures/items/potion_bottle_splash_jump",
				"textures/items/potion_bottle_splash_confusion",
				"textures/items/potion_bottle_splash_regeneration",
				"textures/items/potion_bottle_splash_resistance",
				"textures/items/potion_bottle_splash_fireResistance",
				"textures/items/potion_bottle_splash_waterBreathing",
				"textures/items/potion_bottle_splash_invisibility",
				"textures/items/potion_bottle_splash_blindness",
				"textures/items/potion_bottle_splash_nightVision",
				"textures/items/potion_bottle_splash_hunger",
				"textures/items/potion_bottle_splash_weakness",
				"textures/items/potion_bottle_splash_poison",
				"textures/items/potion_bottle_splash_wither",
				"textures/items/potion_bottle_splash_healthBoost",
				"textures/items/potion_bottle_splash_absorption",
				"textures/items/potion_bottle_splash_saturation",
				"textures/items/potion_bottle_splash_turtleMaster",
				"textures/items/potion_bottle_splash_slowFall"
			]
		},
		"potion_overlay": {
			"textures": "textures/items/potion_overlay"
		},
		"pumpkin_pie": {
			"textures": "textures/items/pumpkin_pie"
		},
		"prismarine_crystals": {
			"textures": "textures/items/prismarine_crystals"
		},
		"prismarine_shard": {
			"textures": "textures/items/prismarine_shard"
		},
		"quartz": {
			"textures": "textures/items/quartz"
		},
		"quiver": {
			"textures": "textures/items/quiver"
		},
		"record_11": {
			"textures": "textures/items/record_11"
		},
		"record_13": {
			"textures": "textures/items/record_13"
		},
		"record_blocks": {
			"textures": "textures/items/record_blocks"
		},
		"record_cat": {
			"textures": "textures/items/record_cat"
		},
		"record_chirp": {
			"textures": "textures/items/record_chirp"
		},
		"record_far": {
			"textures": "textures/items/record_far"
		},
		"record_mall": {
			"textures": "textures/items/record_mall"
		},
		"record_mellohi": {
			"textures": "textures/items/record_mellohi"
		},
		"record_stal": {
			"textures": "textures/items/record_stal"
		},
		"record_strad": {
			"textures": "textures/items/record_strad"
		},
		"record_wait": {
			"textures": "textures/items/record_wait"
		},
		"record_ward": {
			"textures": "textures/items/record_ward"
		},
		"redstone_dust": {
			"textures": "textures/items/redstone_dust"
		},
		"reeds": {
			"textures": "textures/items/reeds"
		},
		"repeater": {
			"textures": "textures/items/repeater"
		},
		"rotten_flesh": {
			"textures": "textures/items/rotten_flesh"
		},
		"saddle": {
			"textures": "textures/items/saddle"
		},
		"seeds_melon": {
			"textures": "textures/items/seeds_melon"
		},
		"seeds_pumpkin": {
			"textures": "textures/items/seeds_pumpkin"
		},
		"seeds_wheat": {
			"textures": "textures/items/seeds_wheat"
		},
		"seeds_beetroot": {
			"textures": "textures/items/seeds_beetroot"
		},
		"shears": {
			"textures": "textures/items/shears"
		},
		"shovel": {
			"textures": [
				"textures/items/wood_shovel",
				"textures/items/stone_shovel",
				"textures/items/iron_shovel",
				"textures/items/gold_shovel",
				"textures/items/diamond_shovel"
			]
		},
		"sign": {
			"textures": "textures/items/sign"
		},
		"sign_acacia": {
			"textures": "textures/items/sign_acacia"
		},
		"sign_birch": {
			"textures": "textures/items/sign_birch"
		},
		"sign_darkoak": {
			"textures": "textures/items/sign_darkoak"
		},
		"sign_jungle": {
			"textures": "textures/items/sign_jungle"
		},
		"sign_spruce": {
			"textures": "textures/items/sign_spruce"
		},
		"slimeball": {
			"textures": "textures/items/slimeball"
		},
		"snowball": {
			"textures": "textures/items/snowball"
		},
		"spawn_egg": {
			"textures": [
				"textures/items/egg_chicken",
				"textures/items/egg_cow",
				"textures/items/egg_pig",
				"textures/items/egg_sheep",
				"textures/items/egg_wolf",
				"textures/items/egg_mushroomcow",
				"textures/items/egg_creeper",
				"textures/items/egg_enderman",
				"textures/items/egg_silverfish",
				"textures/items/egg_skeleton",
				"textures/items/egg_slime",
				"textures/items/egg_spider",
				"textures/items/egg_zombie",
				"textures/items/egg_pigzombie",
				"textures/items/egg_villager",
				"textures/items/egg_squid",
				"textures/items/egg_ocelot",
				"textures/items/egg_witch",
				"textures/items/egg_bat",
				"textures/items/egg_ghast",
				"textures/items/egg_lava_slime",
				"textures/items/egg_blaze",
				"textures/items/egg_cave_spider",
				"textures/items/egg_horse",
				"textures/items/egg_rabbit",
				"textures/items/egg_endermite",
				"textures/items/egg_guardian",
				"textures/items/egg_stray",
				"textures/items/egg_husk",
				"textures/items/egg_wither",
				"textures/items/egg_donkey",
				"textures/items/egg_mule",
				"textures/items/egg_skeletonhorse",
				"textures/items/egg_zombiehorse",
				"textures/items/egg_shulker",
				"textures/items/egg_npc",
				"textures/items/egg_elderguardian",
				"textures/items/egg_polarbear",
				"textures/items/egg_llama",
				"textures/items/egg_vindicator",
				"textures/items/egg_evoker",
				"textures/items/egg_vex",
				"textures/items/egg_zombievillager",
				"textures/items/egg_parrot",
				"textures/items/egg_clownfish",
				"textures/items/egg_cod",
				"textures/items/egg_pufferfish",
				"textures/items/egg_salmon",
				"textures/items/egg_drowned",
				"textures/items/egg_dolphin",
				"textures/items/egg_turtle",
				"textures/items/egg_phantom",
				"textures/items/egg_agent",
				"textures/items/egg_cat",
				"textures/items/egg_panda",
				"textures/items/egg_fox",
				"textures/items/egg_pillager",
				"textures/items/egg_ravager",
				"textures/items/egg_null",
				"textures/items/egg_mask"
			]
		},
		"spider_eye": {
			"textures": "textures/items/spider_eye"
		},
		"spider_eye_fermented": {
			"textures": "textures/items/spider_eye_fermented"
		},
		"stick": {
			"textures": "textures/items/stick"
		},
		"string": {
			"textures": "textures/items/string"
		},
		"sugar": {
			"textures": "textures/items/sugar"
		},
		"suspicious_stew": {
			"textures": "textures/items/suspicious_stew"
		},
		"sword": {
			"textures": [
				"textures/items/wood_sword",
				"textures/items/stone_sword",
				"textures/items/iron_sword",
				"textures/items/gold_sword",
				"textures/items/diamond_sword"
			]
		},
		"wheat": {
			"textures": "textures/items/wheat"
		},
		"clock_item": {
			"textures": "textures/items/clock_item"
		},
		"compass_item": {
			"textures": "textures/items/compass_item"
		},
		"rabbit_cooked": {
			"textures": "textures/items/rabbit_cooked"
		},
		"rabbit_foot": {
			"textures": "textures/items/rabbit_foot"
		},
		"rabbit_hide": {
			"textures": "textures/items/rabbit_hide"
		},
		"rabbit": {
			"textures": "textures/items/rabbit_raw"
		},
		"rabbit_stew": {
			"textures": "textures/items/rabbit_stew"
		},
		"lever": {
			"textures": "textures/items/lever"
		},
		"camera": {
			"textures": "textures/items/camera"
		},
		"chalkboard": {
			"textures": [
				"textures/items/chalkboard_small",
				"textures/items/chalkboard_medium",
				"textures/items/chalkboard_large"
			]
		},
		"tipped_arrow": {
			"textures": [
				"textures/items/tipped_arrow",
				"textures/items/tipped_arrow_swift",
				"textures/items/tipped_arrow_slow",
				"textures/items/tipped_arrow_strength",
				"textures/items/tipped_arrow_healing",
				"textures/items/tipped_arrow_harm",
				"textures/items/tipped_arrow_leaping",
				"textures/items/tipped_arrow_regen",
				"textures/items/tipped_arrow_fireres",
				"textures/items/tipped_arrow_waterbreathing",
				"textures/items/tipped_arrow_invisibility",
				"textures/items/tipped_arrow_nightvision",
				"textures/items/tipped_arrow_weakness",
				"textures/items/tipped_arrow_poison",
				"textures/items/tipped_arrow_wither",
				"textures/items/tipped_arrow_turtlemaster",
				"textures/items/tipped_arrow_slowfalling"
			]
		},
		"shulker_shell": {
			"textures": "textures/items/shulker_shell"
		},
		"totem": {
			"textures": "textures/items/totem"
		},
		"trident": {
			"textures": "textures/items/trident"
		},
		"turtle_shell_piece": {
			"textures": "textures/items/turtle_shell_piece"
		},
		"turtle_helmet": {
			"textures": "textures/items/turtle_helmet"
		},
		"armor_stand": {
			"textures": "textures/items/armor_stand"
		},
		"sweet_berries": {
			"textures": "textures/items/sweet_berries"
		},
		"spawn_egg_wandering_trader": {
			"textures": "textures/items/egg_wanderingtrader"
		},
		"banner_pattern": {
			"textures": "textures/items/banner_pattern"
		},
		"honeycomb": {
			"textures": "textures/items/honeycomb"
		},
		"honey_bottle": {
			"textures": "textures/items/honey_bottle"
		},
		"egg_bee": {
			"textures": [
				"textures/items/egg_bee"
			]
		},
		"egg_hoglin": {
			"textures": [
				"textures/items/egg_hoglin"
			]
		},
		"egg_zoglin": {
			"textures": [
				"textures/items/egg_zoglin"
			]
		},
		"egg_piglin": {
			"textures": [
				"textures/items/egg_piglin"
			]
		},
		"egg_piglinbrute": {
			"textures": [
				"textures/items/egg_piglinbrute"
			]
		},
		"egg_strider": {
			"textures": [
				"textures/items/egg_strider"
			]
		},
		"egg_goat": {
			"textures": [
				"textures/items/egg_goat"
			]
		}
	}
}