{
  "resource_pack_name": "NewWayukian",
  "texture_name": "atlas.terrain",
  "padding": 8,
  "num_mip_levels": 4,
  "texture_data": {
    "anvil_base": {
      "textures": [
        "textures/blocks/anvil_base",
        "textures/blocks/anvil_base",
        "textures/blocks/anvil_base",
        "textures/blocks/anvil_base"
      ]
    },
    "anvil_top_damaged_x": {
      "textures": [
        "textures/blocks/anvil_top_damaged_0",
        "textures/blocks/anvil_top_damaged_1",
        "textures/blocks/anvil_top_damaged_2",
        "textures/blocks/anvil_base"
      ]
    },
    "beacon": {
      "textures": "textures/blocks/beacon"
    },
    "beacon_base": {
      "textures": "textures/blocks/obsidian"
    },
    "beacon_core": {
      "textures": "textures/blocks/beacon"
    },
    "beacon_shell": {
      "textures": "textures/blocks/beacon_glass"
    },
    "bed_bottom": {
      "textures": "textures/blocks/planks_oak"
    },
    "bedrock": {
      "textures": "textures/blocks/bedrock"
    },
    "beetroot": {
      "textures": [
        "textures/blocks/beetroots_stage_0",
        "textures/blocks/beetroots_stage_1",
        "textures/blocks/beetroots_stage_2",
        "textures/blocks/beetroots_stage_3"
      ]
    },
    "birch_pressure_plate": {
      "textures": "textures/blocks/birch_pressure_plate"
    },
    "dark_oak_pressure_plate": {
      "textures": "textures/blocks/dark_oak_pressure_plate"
    },
    "jungle_pressure_plate": {
      "textures": "textures/blocks/jungle_pressure_plate"
    },
    "acacia_pressure_plate": {
      "textures": "textures/blocks/acacia_pressure_plate"
    },
    "spruce_pressure_plate": {
      "textures": "textures/blocks/spruce_pressure_plate"
    },
    "black_glazed_terracotta": {
      "textures": "textures/blocks/glazed_terracotta_black"
    },
    "blue_glazed_terracotta": {
      "textures": "textures/blocks/glazed_terracotta_blue"
    },
    "bookshelf_side_0": {
      "textures": {
        "variations": [
          { "path": "textures/blocks/bookshelf_0" },
          { "path": "textures/blocks/bookshelf_0" },
		  { "path": "textures/blocks/bookshelf_0" },
		  { "path": "textures/blocks/bookshelf_1" },
          { "path": "textures/blocks/bookshelf_1" },
		  { "path": "textures/blocks/bookshelf_2" },
		  { "path": "textures/blocks/bookshelf_2" }
        ]
      }
    },
	"bookshelf_side_1": {
      "textures": {
        "variations": [
          { "path": "textures/blocks/bookshelf_2" },
          { "path": "textures/blocks/bookshelf_1" },
		  { "path": "textures/blocks/bookshelf_0" },
		  { "path": "textures/blocks/bookshelf_2" },
		  { "path": "textures/blocks/bookshelf_0" },
		  { "path": "textures/blocks/bookshelf_1" },
          { "path": "textures/blocks/bookshelf_0" }
		]
      }
    },
    "bookshelf_top": {
      "textures": "textures/blocks/bookshelf_top"
    },
    "border_block": {
      "textures": "textures/blocks/border"
    },
    "brewing_stand": {
      "textures": "textures/blocks/brewing_stand"
    },
    "brewing_stand_base": {
      "textures": "textures/blocks/brewing_stand_base"
    },
    "brick": {
      "textures": "textures/blocks/brick"
    },
    "brown_glazed_terracotta": {
      "textures": "textures/blocks/glazed_terracotta_brown"
    },
    "build_allow": {
      "textures": "textures/blocks/build_allow"
    },
    "build_deny": {
      "textures": "textures/blocks/build_deny"
    },
    "grindstone_leg": {
      "textures": "textures/blocks/log_oak"
    },
    "grindstone_pivot": {
      "textures": "textures/blocks/grindstone_pivot"
    },
    "grindstone_round": {
      "textures": "textures/blocks/grindstone_round"
    },
    "grindstone_side": {
      "textures": "textures/blocks/grindstone_side"
    },
    "bell_top": {
      "textures": "textures/blocks/bell_top"
    },
    "bell_bottom": {
      "textures": "textures/blocks/bell_bottom"
    },
    "bell_side": {
      "textures": "textures/blocks/bell_side"
    },
    "bell_carried": {
      "textures": "textures/items/villagebell"
    },
    "bell_stone": {
      "textures": "textures/blocks/stone"
    },
    "cactus_bottom": {
      "textures": "textures/blocks/cactus_bottom"
    },
    "cactus_side": {
      "textures": "textures/blocks/cactus_side"
    },
    "cactus_top": {
      "textures": "textures/blocks/cactus_top"
    },
    "cake_bottom": {
      "textures": [
        "textures/blocks/cake_bottom",
        "textures/blocks/cake_bottom"
      ]
    },
    "cake_side": {
      "textures": [
        "textures/blocks/cake_side",
        "textures/blocks/cake_side"
      ]
    },
    "cake_top": {
      "textures": [
        "textures/blocks/cake_top",
        "textures/blocks/cake_top"
      ]
    },
    "cake_west": {
      "textures": [
        "textures/blocks/cake_side",
        "textures/blocks/cake_inner"
      ]
    },
    "camera_back": {
      "textures": "textures/blocks/camera_back"
    },
    "camera_front": {
      "textures": "textures/blocks/camera_front"
    },
    "camera_side": {
      "textures": "textures/blocks/camera_side"
    },
    "camera_top": {
      "textures": "textures/blocks/camera_top"
    },
    "carrots": {
      "textures": [
        "textures/blocks/carrots_stage_0",
        "textures/blocks/carrots_stage_1",
        "textures/blocks/carrots_stage_2",
        "textures/blocks/carrots_stage_3"
      ]
    },
    "cauldron_bottom": {
      "textures": "textures/blocks/cauldron_bottom"
    },
    "cauldron_inner": {
      "textures": "textures/blocks/cauldron_inner"
    },
    "cauldron_side": {
      "textures": "textures/blocks/cauldron_side"
    },
    "cauldron_top": {
      "textures": "textures/blocks/cauldron_top"
    },
    "cauldron_water": {
      "textures": "textures/blocks/cauldron_water"
    },
    "chest_inventory": {
      "textures": [
        "textures/blocks/chest_top",
        "textures/blocks/chest_side",
        "textures/blocks/chest_front"
      ]
    },
    "chest_inventory_front": {
      "textures": [
        "textures/blocks/chest_front"
      ]
    },
    "chest_inventory_side": {
      "textures": [
        "textures/blocks/chest_side"
      ]
    },
    "chest_inventory_top": {
      "textures": [
        "textures/blocks/chest_top"
      ]
    },
    "chorus_flower": {
      "textures": [
        "textures/blocks/chorus_flower",
        "textures/blocks/chorus_flower_dead"
      ]
    },
    "chorus_plant": {
      "textures": "textures/blocks/chorus_plant"
    },
    "clay": {
      "textures": "textures/blocks/clay"
    },
    "coal_block": {
      "textures": "textures/blocks/coal_block"
    },
    "coal_ore": {
      "textures": "textures/blocks/coal_ore"
    },
    "cobblestone": {
      "textures": "textures/blocks/cobblestone"
    },
    "cobblestone_mossy": {
      "textures": "textures/blocks/cobblestone_mossy"
    },
    "cobblestone_wall": {
      "textures": [
        "textures/blocks/cobblestone",
        "textures/blocks/cobblestone_mossy"
      ]
    },
    "cocoa": {
      "textures": [
        "textures/blocks/cocoa_stage_0",
        "textures/blocks/cocoa_stage_1",
        "textures/blocks/cocoa_stage_2"
      ]
    },
    "command_block": {
      "textures": "textures/blocks/command_block"
    },
    "command_block_back": {
      "textures": "textures/blocks/command_block_back_mipmap"
    },
    "command_block_chain_back": {
      "textures": "textures/blocks/chain_command_block_back_mipmap"
    },
    "command_block_chain_conditional_side": {
      "textures": "textures/blocks/chain_command_block_conditional_mipmap"
    },
    "command_block_chain_front": {
      "textures": "textures/blocks/chain_command_block_front_mipmap"
    },
    "command_block_chain_side": {
      "textures": "textures/blocks/chain_command_block_side_mipmap"
    },
    "command_block_conditional_side": {
      "textures": "textures/blocks/command_block_conditional_mipmap"
    },
    "command_block_front": {
      "textures": "textures/blocks/command_block_front_mipmap"
    },
    "command_block_repeating_back": {
      "textures": "textures/blocks/repeating_command_block_back_mipmap"
    },
    "command_block_repeating_conditional_side": {
      "textures": "textures/blocks/repeating_command_block_conditional_mipmap"
    },
    "command_block_repeating_front": {
      "textures": "textures/blocks/repeating_command_block_front_mipmap"
    },
    "command_block_repeating_side": {
      "textures": "textures/blocks/repeating_command_block_side_mipmap"
    },
    "command_block_side": {
      "textures": "textures/blocks/command_block_side_mipmap"
    },
    "comparator_stone_slab": {
      "textures": "textures/blocks/stone_slab_top"
    },
    "comparator_torch": {
      "textures": [
        "textures/blocks/redstone_torch_off",
        "textures/blocks/redstone_torch_on"
      ]
    },
    "comparator_up": {
      "textures": [
        "textures/blocks/comparator_off",
        "textures/blocks/comparator_on"
      ]
    },
    "concrete": {
      "textures": [
        "textures/blocks/concrete_white",
        "textures/blocks/concrete_orange",
        "textures/blocks/concrete_magenta",
        "textures/blocks/concrete_light_blue",
        "textures/blocks/concrete_yellow",
        "textures/blocks/concrete_lime",
        "textures/blocks/concrete_pink",
        "textures/blocks/concrete_gray",
        "textures/blocks/concrete_silver",
        "textures/blocks/concrete_cyan",
        "textures/blocks/concrete_purple",
        "textures/blocks/concrete_blue",
        "textures/blocks/concrete_brown",
        "textures/blocks/concrete_green",
        "textures/blocks/concrete_red",
        "textures/blocks/concrete_black"
      ]
    },
    "concretePowder": {
      "textures": [
        "textures/blocks/concrete_powder_white",
        "textures/blocks/concrete_powder_orange",
        "textures/blocks/concrete_powder_magenta",
        "textures/blocks/concrete_powder_light_blue",
        "textures/blocks/concrete_powder_yellow",
        "textures/blocks/concrete_powder_lime",
        "textures/blocks/concrete_powder_pink",
        "textures/blocks/concrete_powder_gray",
        "textures/blocks/concrete_powder_silver",
        "textures/blocks/concrete_powder_cyan",
        "textures/blocks/concrete_powder_purple",
        "textures/blocks/concrete_powder_blue",
        "textures/blocks/concrete_powder_brown",
        "textures/blocks/concrete_powder_green",
        "textures/blocks/concrete_powder_red",
        "textures/blocks/concrete_powder_black"
      ]
    },
    "crafting_table_bottom": {
      "textures": "textures/blocks/crafting_table_bottom"
    },
    "crafting_table_front": {
      "textures": "textures/blocks/crafting_table_front"
    },
    "crafting_table_side": {
      "textures": "textures/blocks/crafting_table_side"
    },
    "crafting_table_top": {
      "textures": "textures/blocks/crafting_table_top"
    },
    "cyan_glazed_terracotta": {
      "textures": "textures/blocks/glazed_terracotta_cyan"
    },
    "daylight_detector_side": {
      "textures": [
        "textures/blocks/daylight_detector_side",
        "textures/blocks/daylight_detector_side"
      ]
    },
    "daylight_detector_top": {
      "textures": [
        "textures/blocks/daylight_detector_top",
        "textures/blocks/daylight_detector_inverted_top"
      ]
    },
    "deadbush": {
      "textures": "textures/blocks/deadbush"
    },
    "destroy": {
      "textures": [
        "textures/environment/destroy_stage_0",
        "textures/environment/destroy_stage_1",
        "textures/environment/destroy_stage_2",
        "textures/environment/destroy_stage_3",
        "textures/environment/destroy_stage_4",
        "textures/environment/destroy_stage_5",
        "textures/environment/destroy_stage_6",
        "textures/environment/destroy_stage_7",
        "textures/environment/destroy_stage_8",
        "textures/environment/destroy_stage_9"
      ]
    },
    "diamond_block": {
      "textures": "textures/blocks/diamond_block"
    },
    "diamond_ore": {
      "textures": "textures/blocks/diamond_ore"
    },
    "dirt": {
      "textures": [
        "textures/blocks/dirt",
        "textures/blocks/coarse_dirt"
      ]
    },
    "dirt_podzol_bottom": {
      "textures": "textures/blocks/dirt"
    },
    "dirt_podzol_side": {
      "textures": "textures/blocks/dirt_podzol_side"
    },
    "dirt_podzol_top": {
      "textures": "textures/blocks/dirt_podzol_top"
    },
    "dispenser_front_horizontal": {
      "textures": "textures/blocks/dispenser_front_horizontal"
    },
    "dispenser_front_vertical": {
      "textures": "textures/blocks/dispenser_front_vertical"
    },
    "dispenser_side": {
      "textures": "textures/blocks/furnace_side"
    },
    "dispenser_top": {
      "textures": "textures/blocks/furnace_top"
    },
    "door_lower": {
      "textures": [
        "textures/blocks/door_wood_lower",
        "textures/blocks/door_spruce_lower",
        "textures/blocks/door_birch_lower",
        "textures/blocks/door_jungle_lower",
        "textures/blocks/door_acacia_lower",
        "textures/blocks/door_dark_oak_lower",
        "textures/blocks/door_iron_lower",
        "textures/blocks/door_crimson_lower",
        "textures/blocks/door_warped_lower"
      ]
    },
    "door_upper": {
      "textures": [
        "textures/blocks/door_wood_upper",
        "textures/blocks/door_spruce_upper",
        "textures/blocks/door_birch_upper",
        "textures/blocks/door_jungle_upper",
        "textures/blocks/door_acacia_upper",
        "textures/blocks/door_dark_oak_upper",
        "textures/blocks/door_iron_upper",
        "textures/blocks/door_crimson_upper",
        "textures/blocks/door_warped_upper"
      ]
    },
    "double_plant_bottom": {
      "textures": [
        "textures/blocks/double_plant_sunflower_bottom",
        "textures/blocks/double_plant_syringa_bottom",
        "textures/blocks/double_plant_grass_bottom",
        "textures/blocks/double_plant_fern_bottom",
        "textures/blocks/double_plant_rose_bottom",
        "textures/blocks/double_plant_paeonia_bottom"
      ]
    },
    "double_plant_carried": {
      "textures": [
        "textures/blocks/double_plant_sunflower_front",
        "textures/blocks/double_plant_syringa_top",
        "textures/blocks/double_plant_grass_carried",
        "textures/blocks/double_plant_fern_carried",
        "textures/blocks/double_plant_rose_top",
        "textures/blocks/double_plant_paeonia_top"
      ]
    },
    "double_plant_top": {
      "textures": [
        "textures/blocks/double_plant_sunflower_top",
        "textures/blocks/double_plant_syringa_top",
        "textures/blocks/double_plant_grass_top",
        "textures/blocks/double_plant_fern_top",
        "textures/blocks/double_plant_rose_top",
        "textures/blocks/double_plant_paeonia_top"
      ]
    },
    "dragon_egg": {
      "textures": "textures/blocks/dragon_egg"
    },
    "dropper_front_horizontal": {
      "textures": "textures/blocks/dropper_front_horizontal"
    },
    "dropper_front_vertical": {
      "textures": "textures/blocks/dropper_front_vertical"
    },
    "dropper_side": {
      "textures": "textures/blocks/furnace_side"
    },
    "dropper_top": {
      "textures": "textures/blocks/furnace_top"
    },
    "emerald_block": {
      "textures": "textures/blocks/emerald_block"
    },
    "emerald_ore": {
      "textures": "textures/blocks/emerald_ore"
    },
    "enchanting_table_bottom": {
      "textures": "textures/blocks/enchanting_table_bottom"
    },
    "enchanting_table_side": {
      "textures": "textures/blocks/enchanting_table_side"
    },
    "enchanting_table_top": {
      "textures": "textures/blocks/enchanting_table_top"
    },
    "end_bricks": {
      "textures": "textures/blocks/end_bricks"
    },
    "end_rod": {
      "blockshape": "end_rod",
      "textures": "textures/blocks/end_rod"
    },
    "end_stone": {
      "textures": "textures/blocks/end_stone"
    },
    "ender_chest_inventory_front": {
      "textures": [
        "textures/blocks/ender_chest_front"
      ]
    },
    "ender_chest_inventory_side": {
      "textures": [
        "textures/blocks/ender_chest_side"
      ]
    },
    "ender_chest_inventory_top": {
      "textures": [
        "textures/blocks/ender_chest_top"
      ]
    },
    "endframe_bottom": {
      "textures": "textures/blocks/end_stone"
    },
    "endframe_eye": {
      "textures": "textures/blocks/endframe_eye"
    },
    "endframe_side": {
      "textures": "textures/blocks/endframe_side"
    },
    "endframe_top": {
      "textures": "textures/blocks/endframe_top"
    },
    "farmland": {
      "textures": [
        "textures/blocks/farmland_wet",
        "textures/blocks/farmland_dry"
      ]
    },
    "fire_0": {
      "textures": "textures/blocks/fire_0"
    },
    "fire_1": {
      "textures": "textures/blocks/fire_1"
    },
    "flower_pot": {
      "textures": "textures/blocks/flower_pot"
    },
    "flowing_lava": {
      "quad": 1,
      "textures": "textures/blocks/lava_flow"
    },
    "flowing_water": {
      "quad": 1,
      "textures": "textures/blocks/water_flow"
    },
    "frosted_ice": {
      "textures": [
        "textures/blocks/frosted_ice_0",
        "textures/blocks/frosted_ice_1",
        "textures/blocks/frosted_ice_2",
        "textures/blocks/frosted_ice_3"
      ]
    },
    "furnace": {
      "textures": [
        "textures/blocks/furnace_front_off",
        "textures/blocks/furnace_front_on",
        "textures/blocks/furnace_side",
        "textures/blocks/furnace_top"
      ]
    },
    "furnace_front": {
      "textures": [
        "textures/blocks/furnace_front_off",
        "textures/blocks/furnace_front_on"
      ]
    },
    "furnace_front_off": {
      "textures": "textures/blocks/furnace_front_off"
    },
    "furnace_front_on": {
      "textures": "textures/blocks/furnace_front_on"
    },
    "furnace_side": {
      "textures": [
        "textures/blocks/furnace_side",
        "textures/blocks/furnace_side"
      ]
    },
    "furnace_top": {
      "textures": [
        "textures/blocks/furnace_top",
        "textures/blocks/furnace_top"
      ]
    },
    "glass": {
      "textures": "textures/blocks/glass"
    },
    "glass_pane_top": {
      "textures": "textures/blocks/glass_pane_top"
    },
    "glowing_obsidian": {
      "textures": "textures/blocks/glowing_obsidian"
    },
    "glowstone": {
      "textures": "textures/blocks/glowstone"
    },
    "gold_block": {
      "textures": "textures/blocks/gold_block"
    },
    "gold_block_top": {
      "textures": "textures/blocks/gold_block_top"
    },
    "gold_ore": {
      "textures": "textures/blocks/gold_ore"
    },
    "grass_bottom": {
      "textures": [
        "textures/blocks/dirt",
        "textures/blocks/dirt",
        "textures/blocks/dirt",
        "textures/blocks/dirt",
        "textures/blocks/dirt",
        "textures/blocks/dirt",
        "textures/blocks/dirt",
        "textures/blocks/dirt",
        "textures/blocks/dirt",
        "textures/blocks/dirt",
        "textures/blocks/dirt",
        "textures/blocks/dirt",
        "textures/blocks/dirt",
        "textures/blocks/dirt",
        "textures/blocks/dirt",
        "textures/blocks/dirt",
        "textures/blocks/dirt"
      ]
    },
    "grass_carried": {
      "textures": {
        "overlay_color": "#79c05a",
        "path": "textures/blocks/grass_side"
      }
    },
    "grass_carried_bottom": {
      "textures": "textures/blocks/dirt"
    },
    "grass_carried_top": {
      "textures": "textures/blocks/grass_carried"
    },
    "grass_path_side": {
      "textures": [
        "textures/blocks/grass_path_side"
      ]
    },
    "grass_path_top": {
      "textures": [
        "textures/blocks/grass_path_top"
      ]
    },
    "grass_side": {
      "textures": [
        {
          "overlay_color": "#79c05a",
          "path": "textures/blocks/grass_side"
        },
        {
          "overlay_color": "#8ab689",
          "path": "textures/blocks/grass_side"
        },
        {
          "overlay_color": "#bfb755",
          "path": "textures/blocks/grass_side"
        },
        {
          "overlay_color": "#59c93c",
          "path": "textures/blocks/grass_side"
        },
        {
          "overlay_color": "#55c93f",
          "path": "textures/blocks/grass_side"
        },
        {
          "overlay_color": "#88bb66",
          "path": "textures/blocks/grass_side"
        },
        {
          "overlay_color": "#86b87f",
          "path": "textures/blocks/grass_side"
        },
        {
          "overlay_color": "#64c73f",
          "path": "textures/blocks/grass_side"
        },
        {
          "overlay_color": "#86b783",
          "path": "textures/blocks/grass_side"
        },
        {
          "overlay_color": "#83b593",
          "path": "textures/blocks/grass_side"
        },
        {
          "overlay_color": "#80b497",
          "path": "textures/blocks/grass_side"
        },
        {
          "overlay_color": "#91bd59",
          "path": "textures/blocks/grass_side"
        },
        {
          "overlay_color": "#90814d",
          "path": "textures/blocks/grass_side"
        },
        {
          "overlay_color": "#8eb971",
          "path": "textures/blocks/grass_side"
        },
        {
          "overlay_color": "#6a7039",
          "path": "textures/blocks/grass_side"
        },
        {
          "overlay_color": "#507a32",
          "path": "textures/blocks/grass_side"
        },
        "textures/blocks/grass_side_snowed"
      ]
    },
    "grass_top": {
      "textures": [
        "textures/blocks/grass_top",
        "textures/blocks/grass_top",
        "textures/blocks/grass_top",
        "textures/blocks/grass_top",
        "textures/blocks/grass_top",
        "textures/blocks/grass_top",
        "textures/blocks/grass_top",
        "textures/blocks/grass_top",
        "textures/blocks/grass_top",
        "textures/blocks/grass_top",
        "textures/blocks/grass_top",
        "textures/blocks/grass_top",
        "textures/blocks/grass_top",
        "textures/blocks/grass_top",
        "textures/blocks/grass_top",
        "textures/blocks/grass_top",
        "textures/blocks/grass_top"
      ]
    },
    "gravel": {
      "textures": "textures/blocks/gravel"
    },
    "gray_glazed_terracotta": {
      "textures": "textures/blocks/glazed_terracotta_gray"
    },
    "green_glazed_terracotta": {
      "textures": "textures/blocks/glazed_terracotta_green"
    },
    "hardened_clay": {
      "textures": "textures/blocks/hardened_clay"
    },
    "hayblock_side": {
      "textures": "textures/blocks/hay_block_side"
    },
    "hayblock_top": {
      "textures": "textures/blocks/hay_block_top"
    },
    "heavy_pressure_plate": {
      "textures": "textures/blocks/heavy_pressure_plate"
    },
    "hopper_inside": {
      "textures": "textures/blocks/hopper_inside"
    },
    "hopper_outside": {
      "textures": "textures/blocks/hopper_outside"
    },
    "hopper_top": {
      "textures": "textures/blocks/hopper_top"
    },
    "ice": {
      "textures": "textures/blocks/ice"
    },
    "ice_packed": {
      "textures": "textures/blocks/ice_packed"
    },
    "blue_ice": {
      "textures": "textures/blocks/blue_ice"
    },
    "iron_block": {
      "textures": "textures/blocks/iron_block"
    },
    "iron_block_top": {
      "textures": "textures/blocks/iron_block_top"
    },
    "iron_ore": {
      "textures": "textures/blocks/iron_ore"
    },
    "acacia_trapdoor": {
      "textures": "textures/blocks/acacia_trapdoor"
    },
    "birch_trapdoor": {
      "textures": "textures/blocks/birch_trapdoor"
    },
    "dark_oak_trapdoor": {
      "textures": "textures/blocks/dark_oak_trapdoor"
    },
    "jungle_trapdoor": {
      "textures": "textures/blocks/jungle_trapdoor"
    },
    "spruce_trapdoor": {
      "textures": "textures/blocks/spruce_trapdoor"
    },
    "iron_trapdoor": {
      "textures": "textures/blocks/iron_trapdoor"
    },
    "iron_bars": {
      "textures": "textures/blocks/iron_bars"
    },
    "iron_bars_edge": {
      "textures": "textures/blocks/iron_bars"
    },
    "itemframe_background": {
      "textures": "textures/blocks/itemframe_background"
    },
    "jukebox_side": {
      "textures": "textures/blocks/jukebox_side"
    },
    "jukebox_top": {
      "textures": "textures/blocks/jukebox_top"
    },
    "ladder": {
      "textures": "textures/blocks/ladder"
    },
    "lapis_block": {
      "textures": "textures/blocks/lapis_block"
    },
    "lapis_ore": {
      "textures": "textures/blocks/lapis_ore"
    },
    "leaves": {
      "textures": [
        "textures/blocks/leaves_oak",
        "textures/blocks/leaves_spruce",
        "textures/blocks/leaves_birch",
        "textures/blocks/leaves_jungle",
        "textures/blocks/leaves_oak_opaque",
        "textures/blocks/leaves_spruce_opaque",
        "textures/blocks/leaves_birch_opaque",
        "textures/blocks/leaves_jungle_opaque"
      ]
    },
    "leaves2": {
      "textures": [
        "textures/blocks/leaves_acacia",
        "textures/blocks/leaves_dark_oak",
        "textures/blocks/leaves_acacia_opaque",
        "textures/blocks/leaves_dark_oak_opaque"
      ]
    },
    "leaves_carried": {
      "textures": [
        "textures/blocks/leaves_oak_carried",
        "textures/blocks/leaves_spruce_carried",
        "textures/blocks/leaves_birch_carried",
        "textures/blocks/leaves_jungle_carried",
        "textures/blocks/leaves_oak_carried",
        "textures/blocks/leaves_spruce_carried",
        "textures/blocks/leaves_birch_carried",
        "textures/blocks/leaves_jungle_carried"
      ]
    },
    "leaves_carried2": {
      "textures": [
        "textures/blocks/leaves_acacia_carried",
        "textures/blocks/leaves_dark_oak_carried",
        "textures/blocks/leaves_acacia_carried",
        "textures/blocks/leaves_dark_oak_carried"
      ]
    },
    "lever": {
      "textures": "textures/blocks/lever"
    },
    "lever_particle": {
      "textures": "textures/blocks/cobblestone"
    },
    "light_blue_glazed_terracotta": {
      "textures": "textures/blocks/glazed_terracotta_light_blue"
    },
    "light_pressure_plate": {
      "textures": "textures/blocks/light_pressure_plate"
    },
    "lime_glazed_terracotta": {
      "textures": "textures/blocks/glazed_terracotta_lime"
    },
	"oak_log_top": {
		"textures": "textures/blocks/log_oak_top"
	},
	"oak_log_side": {
		"textures": "textures/blocks/log_oak"
	},
	"spruce_log_top": {
		"textures": "textures/blocks/log_spruce_top"
	},
	"spruce_log_side": {
		"textures": "textures/blocks/log_spruce"
	},
	"birch_log_top": {
		"textures": "textures/blocks/log_birch_top"
	},
	"birch_log_side": {
		"textures": "textures/blocks/log_birch"
	},
	"jungle_log_top": {
		"textures": "textures/blocks/log_jungle_top"
	},
	"jungle_log_side": {
		"textures": "textures/blocks/log_jungle"
	},
	"acacia_log_top": {
		"textures": "textures/blocks/log_acacia_top"
	},
	"acacia_log_side": {
		"textures": "textures/blocks/log_acacia"
	},
	"dark_oak_log_top": {
		"textures": "textures/blocks/log_dark_oak_top"
	},
	"dark_oak_log_side": {
		"textures": "textures/blocks/log_dark_oak"
	},
	"oak_planks": {
		"textures": "textures/blocks/planks_oak"
	},
    "stripped_oak_log_top": {
      "textures": "textures/blocks/stripped_oak_log_top"
    },
    "stripped_oak_log_side": {
      "textures": "textures/blocks/stripped_oak_log"
    },
    "stripped_birch_log_top": {
      "textures": "textures/blocks/stripped_birch_log_top"
    },
    "stripped_birch_log_side": {
      "textures": "textures/blocks/stripped_birch_log"
    },
    "stripped_dark_oak_log_top": {
      "textures": "textures/blocks/stripped_dark_oak_log_top"
    },
    "stripped_dark_oak_log_side": {
      "textures": "textures/blocks/stripped_dark_oak_log"
    },
    "stripped_acacia_log_top": {
      "textures": "textures/blocks/stripped_acacia_log_top"
    },
    "stripped_acacia_log_side": {
      "textures": "textures/blocks/stripped_acacia_log"
    },
    "stripped_jungle_log_top": {
      "textures": "textures/blocks/stripped_jungle_log_top"
    },
    "stripped_jungle_log_side": {
      "textures": "textures/blocks/stripped_jungle_log"
    },
    "stripped_spruce_log_top": {
      "textures": "textures/blocks/stripped_spruce_log_top"
    },
    "stripped_spruce_log_side": {
      "textures": "textures/blocks/stripped_spruce_log"
    },
    "lectern_top": {
      "textures": "textures/blocks/lectern_top"
    },
    "lectern_bottom": {
      "textures": "textures/blocks/crafting_table_bottom"
    },
    "lectern_front": {
      "textures": "textures/blocks/lectern_front"
    },
    "lectern_sides": {
      "textures": "textures/blocks/lectern_sides"
    },
    "lectern_base": {
      "textures": "textures/blocks/lectern_base"
    },
    "magenta_glazed_terracotta": {
      "textures": "textures/blocks/glazed_terracotta_magenta"
    },
    "melon_bottom": {
      "textures": "textures/blocks/melon_bottom"
    },
    "melon_side": {
      "textures": "textures/blocks/melon_side"
    },
    "melon_stem": {
      "textures": [
        "textures/blocks/melon_stem_disconnected",
        "textures/blocks/melon_stem_connected"
      ]
    },
    "melon_top": {
      "textures": "textures/blocks/melon_top"
    },
    "missing_tile": {
      "textures": "textures/blocks/missing_tile"
    },
    "mob_spawner": {
      "textures": "textures/blocks/mob_spawner"
    },
    "mob_spawner_top": {
      "textures": "textures/blocks/mob_spawner_top"
    },
    "monster_egg": {
      "textures": [
        "textures/blocks/cobblestone",
        "textures/blocks/stonebrick",
        "textures/blocks/stonebrick_mossy",
        "textures/blocks/stonebrick_cracked",
        "textures/blocks/stonebrick_carved",
        "textures/blocks/stone"
      ]
    },
    "mushroom_block": {
      "textures": [
        "textures/blocks/mushroom_block_skin_brown",
        "textures/blocks/mushroom_block_skin_red",
        "textures/blocks/mushroom_block_inside",
        "textures/blocks/mushroom_block_skin_stem"
      ]
    },
    "mushroom_brown": {
      "textures": "textures/blocks/mushroom_brown"
    },
    "mushroom_brown_bottom": {
      "textures": [
        "textures/blocks/mushroom_block_inside",
        "textures/blocks/mushroom_block_inside",
        "textures/blocks/mushroom_block_inside",
        "textures/blocks/mushroom_block_inside",
        "textures/blocks/mushroom_block_inside",
        "textures/blocks/mushroom_block_inside",
        "textures/blocks/mushroom_block_inside",
        "textures/blocks/mushroom_block_inside",
        "textures/blocks/mushroom_block_inside",
        "textures/blocks/mushroom_block_inside",
        "textures/blocks/mushroom_block_inside",
        "textures/blocks/mushroom_block_inside",
        "textures/blocks/mushroom_block_inside",
        "textures/blocks/mushroom_block_inside",
        "textures/blocks/mushroom_block_skin_brown",
        "textures/blocks/mushroom_block_skin_stem"
      ]
    },
    "mushroom_brown_east": {
      "textures": [
        "textures/blocks/mushroom_block_inside",
        "textures/blocks/mushroom_block_inside",
        "textures/blocks/mushroom_block_inside",
        "textures/blocks/mushroom_block_skin_brown",
        "textures/blocks/mushroom_block_inside",
        "textures/blocks/mushroom_block_inside",
        "textures/blocks/mushroom_block_skin_brown",
        "textures/blocks/mushroom_block_inside",
        "textures/blocks/mushroom_block_inside",
        "textures/blocks/mushroom_block_skin_brown",
        "textures/blocks/mushroom_block_skin_stem",
        "textures/blocks/mushroom_block_inside",
        "textures/blocks/mushroom_block_inside",
        "textures/blocks/mushroom_block_inside",
        "textures/blocks/mushroom_block_skin_brown",
        "textures/blocks/mushroom_block_skin_stem"
      ]
    },
    "mushroom_brown_north": {
      "textures": [
        "textures/blocks/mushroom_block_inside",
        "textures/blocks/mushroom_block_skin_brown",
        "textures/blocks/mushroom_block_skin_brown",
        "textures/blocks/mushroom_block_skin_brown",
        "textures/blocks/mushroom_block_inside",
        "textures/blocks/mushroom_block_inside",
        "textures/blocks/mushroom_block_inside",
        "textures/blocks/mushroom_block_inside",
        "textures/blocks/mushroom_block_inside",
        "textures/blocks/mushroom_block_inside",
        "textures/blocks/mushroom_block_skin_stem",
        "textures/blocks/mushroom_block_inside",
        "textures/blocks/mushroom_block_inside",
        "textures/blocks/mushroom_block_inside",
        "textures/blocks/mushroom_block_skin_brown",
        "textures/blocks/mushroom_block_skin_stem"
      ]
    },
    "mushroom_brown_south": {
      "textures": [
        "textures/blocks/mushroom_block_inside",
        "textures/blocks/mushroom_block_inside",
        "textures/blocks/mushroom_block_inside",
        "textures/blocks/mushroom_block_inside",
        "textures/blocks/mushroom_block_inside",
        "textures/blocks/mushroom_block_inside",
        "textures/blocks/mushroom_block_inside",
        "textures/blocks/mushroom_block_skin_brown",
        "textures/blocks/mushroom_block_skin_brown",
        "textures/blocks/mushroom_block_skin_brown",
        "textures/blocks/mushroom_block_skin_stem",
        "textures/blocks/mushroom_block_inside",
        "textures/blocks/mushroom_block_inside",
        "textures/blocks/mushroom_block_inside",
        "textures/blocks/mushroom_block_skin_brown",
        "textures/blocks/mushroom_block_skin_stem"
      ]
    },
    "mushroom_brown_top": {
      "textures": [
        "textures/blocks/mushroom_block_inside",
        "textures/blocks/mushroom_block_skin_brown",
        "textures/blocks/mushroom_block_skin_brown",
        "textures/blocks/mushroom_block_skin_brown",
        "textures/blocks/mushroom_block_skin_brown",
        "textures/blocks/mushroom_block_skin_brown",
        "textures/blocks/mushroom_block_skin_brown",
        "textures/blocks/mushroom_block_skin_brown",
        "textures/blocks/mushroom_block_skin_brown",
        "textures/blocks/mushroom_block_skin_brown",
        "textures/blocks/mushroom_block_inside",
        "textures/blocks/mushroom_block_inside",
        "textures/blocks/mushroom_block_inside",
        "textures/blocks/mushroom_block_inside",
        "textures/blocks/mushroom_block_skin_brown",
        "textures/blocks/mushroom_block_skin_stem"
      ]
    },
    "mushroom_brown_west": {
      "textures": [
        "textures/blocks/mushroom_block_inside",
        "textures/blocks/mushroom_block_skin_brown",
        "textures/blocks/mushroom_block_inside",
        "textures/blocks/mushroom_block_inside",
        "textures/blocks/mushroom_block_skin_brown",
        "textures/blocks/mushroom_block_inside",
        "textures/blocks/mushroom_block_inside",
        "textures/blocks/mushroom_block_skin_brown",
        "textures/blocks/mushroom_block_inside",
        "textures/blocks/mushroom_block_inside",
        "textures/blocks/mushroom_block_skin_stem",
        "textures/blocks/mushroom_block_inside",
        "textures/blocks/mushroom_block_inside",
        "textures/blocks/mushroom_block_inside",
        "textures/blocks/mushroom_block_skin_brown",
        "textures/blocks/mushroom_block_skin_stem"
      ]
    },
    "mushroom_red": {
      "textures": "textures/blocks/mushroom_red"
    },
    "mushroom_red_bottom": {
      "textures": [
        "textures/blocks/mushroom_block_inside",
        "textures/blocks/mushroom_block_inside",
        "textures/blocks/mushroom_block_inside",
        "textures/blocks/mushroom_block_inside",
        "textures/blocks/mushroom_block_inside",
        "textures/blocks/mushroom_block_inside",
        "textures/blocks/mushroom_block_inside",
        "textures/blocks/mushroom_block_inside",
        "textures/blocks/mushroom_block_inside",
        "textures/blocks/mushroom_block_inside",
        "textures/blocks/mushroom_block_inside",
        "textures/blocks/mushroom_block_inside",
        "textures/blocks/mushroom_block_inside",
        "textures/blocks/mushroom_block_inside",
        "textures/blocks/mushroom_block_skin_red",
        "textures/blocks/mushroom_block_skin_stem"
      ]
    },
    "mushroom_red_east": {
      "textures": [
        "textures/blocks/mushroom_block_inside",
        "textures/blocks/mushroom_block_inside",
        "textures/blocks/mushroom_block_inside",
        "textures/blocks/mushroom_block_skin_red",
        "textures/blocks/mushroom_block_inside",
        "textures/blocks/mushroom_block_inside",
        "textures/blocks/mushroom_block_skin_red",
        "textures/blocks/mushroom_block_inside",
        "textures/blocks/mushroom_block_inside",
        "textures/blocks/mushroom_block_skin_red",
        "textures/blocks/mushroom_block_skin_stem",
        "textures/blocks/mushroom_block_inside",
        "textures/blocks/mushroom_block_inside",
        "textures/blocks/mushroom_block_inside",
        "textures/blocks/mushroom_block_skin_red",
        "textures/blocks/mushroom_block_skin_stem"
      ]
    },
    "mushroom_red_north": {
      "textures": [
        "textures/blocks/mushroom_block_inside",
        "textures/blocks/mushroom_block_skin_red",
        "textures/blocks/mushroom_block_skin_red",
        "textures/blocks/mushroom_block_skin_red",
        "textures/blocks/mushroom_block_inside",
        "textures/blocks/mushroom_block_inside",
        "textures/blocks/mushroom_block_inside",
        "textures/blocks/mushroom_block_inside",
        "textures/blocks/mushroom_block_inside",
        "textures/blocks/mushroom_block_inside",
        "textures/blocks/mushroom_block_skin_stem",
        "textures/blocks/mushroom_block_inside",
        "textures/blocks/mushroom_block_inside",
        "textures/blocks/mushroom_block_inside",
        "textures/blocks/mushroom_block_skin_red",
        "textures/blocks/mushroom_block_skin_stem"
      ]
    },
    "mushroom_red_south": {
      "textures": [
        "textures/blocks/mushroom_block_inside",
        "textures/blocks/mushroom_block_inside",
        "textures/blocks/mushroom_block_inside",
        "textures/blocks/mushroom_block_inside",
        "textures/blocks/mushroom_block_inside",
        "textures/blocks/mushroom_block_inside",
        "textures/blocks/mushroom_block_inside",
        "textures/blocks/mushroom_block_skin_red",
        "textures/blocks/mushroom_block_skin_red",
        "textures/blocks/mushroom_block_skin_red",
        "textures/blocks/mushroom_block_skin_stem",
        "textures/blocks/mushroom_block_inside",
        "textures/blocks/mushroom_block_inside",
        "textures/blocks/mushroom_block_inside",
        "textures/blocks/mushroom_block_skin_red",
        "textures/blocks/mushroom_block_skin_stem"
      ]
    },
    "mushroom_red_top": {
      "textures": [
        "textures/blocks/mushroom_block_inside",
        "textures/blocks/mushroom_block_skin_red",
        "textures/blocks/mushroom_block_skin_red",
        "textures/blocks/mushroom_block_skin_red",
        "textures/blocks/mushroom_block_skin_red",
        "textures/blocks/mushroom_block_skin_red",
        "textures/blocks/mushroom_block_skin_red",
        "textures/blocks/mushroom_block_skin_red",
        "textures/blocks/mushroom_block_skin_red",
        "textures/blocks/mushroom_block_skin_red",
        "textures/blocks/mushroom_block_inside",
        "textures/blocks/mushroom_block_inside",
        "textures/blocks/mushroom_block_inside",
        "textures/blocks/mushroom_block_inside",
        "textures/blocks/mushroom_block_skin_red",
        "textures/blocks/mushroom_block_skin_stem"
      ]
    },
    "mushroom_red_west": {
      "textures": [
        "textures/blocks/mushroom_block_inside",
        "textures/blocks/mushroom_block_skin_red",
        "textures/blocks/mushroom_block_inside",
        "textures/blocks/mushroom_block_inside",
        "textures/blocks/mushroom_block_skin_red",
        "textures/blocks/mushroom_block_inside",
        "textures/blocks/mushroom_block_inside",
        "textures/blocks/mushroom_block_skin_red",
        "textures/blocks/mushroom_block_inside",
        "textures/blocks/mushroom_block_inside",
        "textures/blocks/mushroom_block_skin_stem",
        "textures/blocks/mushroom_block_inside",
        "textures/blocks/mushroom_block_inside",
        "textures/blocks/mushroom_block_inside",
        "textures/blocks/mushroom_block_skin_red",
        "textures/blocks/mushroom_block_skin_stem"
      ]
    },
    "mycelium_bottom": {
      "textures": [
        "textures/blocks/dirt",
        "textures/blocks/dirt"
      ]
    },
    "mycelium_side": {
      "textures": [
        "textures/blocks/mycelium_side",
        "textures/blocks/grass_side_snowed"
      ]
    },
    "mycelium_top": {
      "textures": [
        "textures/blocks/mycelium_top",
        "textures/blocks/mycelium_top"
      ]
    },
    "nether_brick": {
      "textures": "textures/blocks/nether_brick"
    },
    "nether_wart": {
      "textures": [
        "textures/blocks/nether_wart_stage_0",
        "textures/blocks/nether_wart_stage_1",
        "textures/blocks/nether_wart_stage_1",
        "textures/blocks/nether_wart_stage_2"
      ]
    },
    "netherrack": {
      "textures": "textures/blocks/netherrack"
    },
    "noteblock": {
      "textures": "textures/blocks/noteblock"
    },
    "observer_east": {
      "textures": [
        "textures/blocks/observer_side",
        "textures/blocks/observer_side"
      ]
    },
    "observer_north": {
      "textures": [
        "textures/blocks/observer_front",
        "textures/blocks/observer_front"
      ]
    },
    "observer_south": {
      "textures": [
        "textures/blocks/observer_back",
        "textures/blocks/observer_back_lit"
      ]
    },
    "observer_top": {
      "textures": [
        "textures/blocks/observer_top",
        "textures/blocks/observer_top"
      ]
    },
    "observer_bottom": {
      "textures": [
        "textures/blocks/observer_top",
        "textures/blocks/observer_top"
      ]
    },
    "observer_west": {
      "textures": [
        "textures/blocks/observer_side",
        "textures/blocks/observer_side"
      ]
    },
    "obsidian": {
      "textures": "textures/blocks/obsidian"
    },
    "orange_glazed_terracotta": {
      "textures": "textures/blocks/glazed_terracotta_orange"
    },
    "pink_glazed_terracotta": {
      "textures": "textures/blocks/glazed_terracotta_pink"
    },
    "piston_bottom": {
      "textures": [
        "textures/blocks/piston_bottom"
      ]
    },
    "piston_side": {
      "textures": [
        "textures/blocks/piston_side"
      ]
    },
    "piston_top": {
      "textures": [
        "textures/blocks/piston_inner"
      ]
    },
    "piston_top_normal": {
      "textures": [
        "textures/blocks/piston_top_normal"
      ]
    },
    "piston_top_sticky": {
      "textures": [
        "textures/blocks/piston_top_sticky"
      ]
    },
    "planks": {
      "textures": [
        "textures/blocks/planks_oak",
        "textures/blocks/planks_spruce",
        "textures/blocks/planks_birch",
        "textures/blocks/planks_jungle",
        "textures/blocks/planks_acacia",
        "textures/blocks/planks_dark_oak"
      ]
    },
    "acacia_gate": {
      "textures": [
        "textures/blocks/acacia_gate"
      ]
    },
    "birch_gate": {
      "textures": [
        "textures/blocks/birch_gate"
      ]
    },
    "crimson_gate": {
      "textures": [
        "textures/blocks/crimson_gate"
      ]
    },
    "crimson_fence": {
      "textures": [
        "textures/blocks/crimson_fence"
      ]
    },
    "dark_oak_gate": {
      "textures": [
        "textures/blocks/dark_oak_gate"
      ]
    },
    "jungle_gate": {
      "textures": [
        "textures/blocks/jungle_gate"
      ]
    },
    "oak_gate": {
      "textures": [
        "textures/blocks/oak_gate"
      ]
    },
    "spruce_gate": {
      "textures": [
        "textures/blocks/spruce_gate"
      ]
    },
    "warped_fence": {
      "textures": [
        "textures/blocks/warped_fence"
      ]
    },
	"acacia_fence": {
      "textures": [
        "textures/blocks/acacia_fence"
      ]
    },
	"birch_fence": {
      "textures": [
        "textures/blocks/birch_fence"
      ]
    },
	"dark_oak_fence": {
      "textures": [
        "textures/blocks/dark_oak_fence"
      ]
    },
	"jungle_fence": {
      "textures": [
        "textures/blocks/jungle_fence"
      ]
    },
	"oak_fence": {
      "textures": [
        "textures/blocks/oak_fence"
      ]
    },
	"spruce_fence": {
      "textures": [
        "textures/blocks/spruce_fence"
      ]
    },
    "nether_brick_fence": {
      "textures": [
        "textures/blocks/nether_brick_fence"
      ]
    },
    "warped_gate": {
      "textures": [
        "textures/blocks/warped_gate"
      ]
    },
    "blackstone_button": {
      "textures": [
        "textures/blocks/blackstone_button"
      ]
    },
    "portal": {
      "textures": "textures/blocks/portal"
    },
    "potatoes": {
      "textures": [
        "textures/blocks/potatoes_stage_0",
        "textures/blocks/potatoes_stage_1",
        "textures/blocks/potatoes_stage_2",
        "textures/blocks/potatoes_stage_3"
      ]
    },
    "prismarine": {
      "textures": [
        "textures/blocks/prismarine_rough",
        "textures/blocks/prismarine_dark",
        "textures/blocks/prismarine_bricks"
      ]
    },
    "prismarine_light": {
      "textures": "textures/blocks/prismarine_light"
    },
    "pumpkin_bottom": {
      "textures": [
        "textures/blocks/pumpkin_bottom",
        "textures/blocks/pumpkin_bottom"
      ]
    },
    "pumpkin_face": {
      "textures": [
        "textures/blocks/pumpkin_face_off",
        "textures/blocks/pumpkin_face_on"
      ]
    },
    "pumpkin_face_off": {
      "textures": "textures/blocks/pumpkin_face_off"
    },
    "pumpkin_face_on": {
      "textures": "textures/blocks/pumpkin_face_on"
    },
    "pumpkin_side": {
      "textures": [
        "textures/blocks/pumpkin_side",
        "textures/blocks/pumpkin_side"
      ]
    },
    "pumpkin_stem": {
      "textures": [
        "textures/blocks/pumpkin_stem_disconnected",
        "textures/blocks/pumpkin_stem_connected"
      ]
    },
    "pumpkin_top": {
      "textures": [
        "textures/blocks/pumpkin_top",
        "textures/blocks/pumpkin_top"
      ]
    },
    "purple_glazed_terracotta": {
      "textures": "textures/blocks/glazed_terracotta_purple"
    },
    "purpur_block_bottom": {
      "textures": [
        "textures/blocks/purpur_block",
        "textures/blocks/purpur_block",
        "textures/blocks/purpur_pillar_top"
      ]
    },
    "purpur_block_side": {
      "textures": [
        "textures/blocks/purpur_block",
        "textures/blocks/purpur_block",
        "textures/blocks/purpur_pillar"
      ]
    },
    "purpur_block_top": {
      "textures": [
        "textures/blocks/purpur_block",
        "textures/blocks/purpur_block",
        "textures/blocks/purpur_pillar_top"
      ]
    },
    "quartz_block_bottom": {
      "textures": [
        "textures/blocks/quartz_block_bottom",
        "textures/blocks/quartz_block_chiseled_top",
        "textures/blocks/quartz_block_lines_top",
        "textures/blocks/quartz_block_smooth"
      ]
    },
    "quartz_block_side": {
      "textures": [
        "textures/blocks/quartz_block_side",
        "textures/blocks/quartz_block_chiseled",
        "textures/blocks/quartz_block_lines",
        "textures/blocks/quartz_block_smooth"
      ]
    },
    "quartz_block_top": {
      "textures": [
        "textures/blocks/quartz_block_top",
        "textures/blocks/quartz_block_chiseled_top",
        "textures/blocks/quartz_block_lines_top",
        "textures/blocks/quartz_block_smooth"
      ]
    },
    "quartz_ore": {
      "textures": "textures/blocks/quartz_ore"
    },
    "rail_activator": {
      "textures": "textures/blocks/rail_activator"
    },
    "rail_activator_powered": {
      "textures": "textures/blocks/rail_activator_powered"
    },
    "rail_detector": {
      "textures": "textures/blocks/rail_detector"
    },
    "rail_detector_powered": {
      "textures": "textures/blocks/rail_detector_powered"
    },
    "rail_golden": {
      "textures": "textures/blocks/rail_golden"
    },
    "rail_golden_powered": {
      "textures": "textures/blocks/rail_golden_powered"
    },
    "rail_normal": {
      "textures": "textures/blocks/rail_normal"
    },
    "rail_normal_turned": {
      "textures": "textures/blocks/rail_normal_turned"
    },
    "cartography_table_side0": {
      "textures": "textures/blocks/cartography_table_side0"
    },
    "cartography_table_side1": {
      "textures": "textures/blocks/cartography_table_side1"
    },
    "cartography_table_side2": {
      "textures": "textures/blocks/cartography_table_side2"
    },
    "cartography_table_side3": {
      "textures": "textures/blocks/cartography_table_side3"
    },
    "cartography_table_top": {
      "textures": "textures/blocks/cartography_table_top"
    },
    "cartography_table_bottom": {
      "textures": "textures/blocks/planks_dark_oak"
    },
    "fletching_table_top": {
      "textures": "textures/blocks/fletching_table_top"
    },
    "fletching_table_side1": {
      "textures": "textures/blocks/fletching_table_side1"
    },
    "fletching_table_side2": {
      "textures": "textures/blocks/fletching_table_side2"
    },
    "fletching_table_side3": {
      "textures": "textures/blocks/fletching_table_side3"
    },
    "fletching_table_bottom": {
      "textures": "textures/blocks/fletching_table_bottom"
    },
    "reactor_core": {
      "textures": [
        "textures/blocks/reactor_core_stage_0",
        "textures/blocks/reactor_core_stage_1",
        "textures/blocks/reactor_core_stage_2"
      ]
    },
    "red_flower": {
      "textures": [
        "textures/blocks/flower_rose",
        "textures/blocks/flower_blue_orchid",
        "textures/blocks/flower_allium",
        "textures/blocks/flower_houstonia",
        "textures/blocks/flower_tulip_red",
        "textures/blocks/flower_tulip_orange",
        "textures/blocks/flower_tulip_white",
        "textures/blocks/flower_tulip_pink",
        "textures/blocks/flower_oxeye_daisy",
        "textures/blocks/flower_cornflower",
        "textures/blocks/flower_lily_of_the_valley"
      ]
    },
    "red_glazed_terracotta": {
      "textures": "textures/blocks/glazed_terracotta_red"
    },
    "redsandstone": {
      "textures": "textures/blocks/red_sandstone_normal"
    },
    "redsandstone_bottom": {
      "textures": [
        "textures/blocks/red_sandstone_bottom",
        "textures/blocks/red_sandstone_bottom",
        "textures/blocks/red_sandstone_bottom"
      ]
    },
    "redsandstone_side": {
      "textures": [
        "textures/blocks/red_sandstone_normal",
        "textures/blocks/red_sandstone_carved",
        "textures/blocks/red_sandstone_smooth"
      ]
    },
    "redsandstone_top": {
      "textures": [
        "textures/blocks/red_sandstone_top",
        "textures/blocks/red_sandstone_top",
        "textures/blocks/red_sandstone_top"
      ]
    },
    "redstone_block": {
      "textures": "textures/blocks/redstone_block"
    },
    "redstone_dust_cross": {
      "textures": "textures/blocks/redstone_dust_cross"
    },
    "redstone_dust_line": {
      "textures": "textures/blocks/redstone_dust_line"
    },
    "redstone_lamp_off": {
      "textures": "textures/blocks/redstone_lamp_off"
    },
    "redstone_lamp_on": {
      "textures": "textures/blocks/redstone_lamp_on"
    },
    "redstone_ore": {
      "textures": "textures/blocks/redstone_ore"
    },
    "redstone_torch_off": {
      "textures": "textures/blocks/redstone_torch_off"
    },
    "redstone_torch_on": {
      "textures": "textures/blocks/redstone_torch_on"
    },
    "reeds": {
      "textures": "textures/blocks/reeds"
    },
    "repeater_floor": {
      "textures": [
        "textures/blocks/stone_slab_top",
        "textures/blocks/stone_slab_top"
      ]
    },
    "repeater_torch": {
      "textures": [
        "textures/blocks/redstone_torch_off",
        "textures/blocks/redstone_torch_on"
      ]
    },
    "repeater_up": {
      "textures": [
        "textures/blocks/repeater_off",
        "textures/blocks/repeater_on"
      ]
    },
    "sand": {
      "textures": [
        "textures/blocks/sand",
        "textures/blocks/red_sand"
      ]
    },
    "sandstone_bottom": {
      "textures": [
        "textures/blocks/sandstone_bottom",
        "textures/blocks/sandstone_top",
        "textures/blocks/sandstone_top"
      ]
    },
    "sandstone_side": {
      "textures": [
        "textures/blocks/sandstone_normal",
        "textures/blocks/sandstone_carved",
        "textures/blocks/sandstone_smooth"
      ]
    },
    "sandstone_top": {
      "textures": [
        "textures/blocks/sandstone_top",
        "textures/blocks/sandstone_top",
        "textures/blocks/sandstone_top"
      ]
    },
    "sapling": {
      "textures": [
        "textures/blocks/sapling_oak",
        "textures/blocks/sapling_spruce",
        "textures/blocks/sapling_birch",
        "textures/blocks/sapling_jungle",
        "textures/blocks/sapling_acacia",
        "textures/blocks/sapling_roofed_oak"
      ]
    },
    "sea_lantern": {
      "textures": "textures/blocks/sea_lantern"
    },
    "shulker_box_side": {
      "textures": [
        "textures/blocks/shulker_side_white",
        "textures/blocks/shulker_side_orange",
        "textures/blocks/shulker_side_magenta",
        "textures/blocks/shulker_side_light_blue",
        "textures/blocks/shulker_side_yellow",
        "textures/blocks/shulker_side_lime",
        "textures/blocks/shulker_side_pink",
        "textures/blocks/shulker_side_gray",
        "textures/blocks/shulker_side_silver",
        "textures/blocks/shulker_side_cyan",
        "textures/blocks/shulker_side_purple",
        "textures/blocks/shulker_side_blue",
        "textures/blocks/shulker_side_brown",
        "textures/blocks/shulker_side_green",
        "textures/blocks/shulker_side_red",
        "textures/blocks/shulker_side_black"
      ],
      "carried_textures": [
        "textures/blocks/shulker_side_white",
        "textures/blocks/shulker_side_orange",
        "textures/blocks/shulker_side_magenta",
        "textures/blocks/shulker_side_light_blue",
        "textures/blocks/shulker_side_yellow",
        "textures/blocks/shulker_side_lime",
        "textures/blocks/shulker_side_pink",
        "textures/blocks/shulker_side_gray",
        "textures/blocks/shulker_side_silver",
        "textures/blocks/shulker_side_cyan",
        "textures/blocks/shulker_side_purple",
        "textures/blocks/shulker_side_blue",
        "textures/blocks/shulker_side_brown",
        "textures/blocks/shulker_side_green",
        "textures/blocks/shulker_side_red",
        "textures/blocks/shulker_side_black"
      ]
    },
    "shulker_box_top": {
      "textures": [
        "textures/blocks/shulker_top_white",
        "textures/blocks/shulker_top_orange",
        "textures/blocks/shulker_top_magenta",
        "textures/blocks/shulker_top_light_blue",
        "textures/blocks/shulker_top_yellow",
        "textures/blocks/shulker_top_lime",
        "textures/blocks/shulker_top_pink",
        "textures/blocks/shulker_top_gray",
        "textures/blocks/shulker_top_silver",
        "textures/blocks/shulker_top_cyan",
        "textures/blocks/shulker_top_purple",
        "textures/blocks/shulker_top_blue",
        "textures/blocks/shulker_top_brown",
        "textures/blocks/shulker_top_green",
        "textures/blocks/shulker_top_red",
        "textures/blocks/shulker_top_black"
      ],
      "carried_textures": [
        "textures/blocks/shulker_top_white",
        "textures/blocks/shulker_top_orange",
        "textures/blocks/shulker_top_magenta",
        "textures/blocks/shulker_top_light_blue",
        "textures/blocks/shulker_top_yellow",
        "textures/blocks/shulker_top_lime",
        "textures/blocks/shulker_top_pink",
        "textures/blocks/shulker_top_gray",
        "textures/blocks/shulker_top_silver",
        "textures/blocks/shulker_top_cyan",
        "textures/blocks/shulker_top_purple",
        "textures/blocks/shulker_top_blue",
        "textures/blocks/shulker_top_brown",
        "textures/blocks/shulker_top_green",
        "textures/blocks/shulker_top_red",
        "textures/blocks/shulker_top_black"
      ]
    },
    "sign": {
      "textures": "textures/blocks/planks_oak"
    },
    "silver_glazed_terracotta": {
      "textures": "textures/blocks/glazed_terracotta_silver"
    },
    "skull": {
      "textures": "textures/blocks/soul_sand"
    },
    "slime_block": {
      "textures": "textures/blocks/slime"
    },
    "snow": {
      "textures": "textures/blocks/snow"
    },
    "soul_sand": {
      "textures": "textures/blocks/soul_sand"
    },
    "sponge": {
      "textures": [
        "textures/blocks/sponge",
        "textures/blocks/sponge_wet"
      ]
    },
    "stained_clay": {
      "textures": [
        "textures/blocks/hardened_clay_stained_white",
        "textures/blocks/hardened_clay_stained_orange",
        "textures/blocks/hardened_clay_stained_magenta",
        "textures/blocks/hardened_clay_stained_light_blue",
        "textures/blocks/hardened_clay_stained_yellow",
        "textures/blocks/hardened_clay_stained_lime",
        "textures/blocks/hardened_clay_stained_pink",
        "textures/blocks/hardened_clay_stained_gray",
        "textures/blocks/hardened_clay_stained_silver",
        "textures/blocks/hardened_clay_stained_cyan",
        "textures/blocks/hardened_clay_stained_purple",
        "textures/blocks/hardened_clay_stained_blue",
        "textures/blocks/hardened_clay_stained_brown",
        "textures/blocks/hardened_clay_stained_green",
        "textures/blocks/hardened_clay_stained_red",
        "textures/blocks/hardened_clay_stained_black"
      ]
    },
    "stained_glass": {
      "textures": [
        "textures/blocks/glass_white",
        "textures/blocks/glass_orange",
        "textures/blocks/glass_magenta",
        "textures/blocks/glass_light_blue",
        "textures/blocks/glass_yellow",
        "textures/blocks/glass_lime",
        "textures/blocks/glass_pink",
        "textures/blocks/glass_gray",
        "textures/blocks/glass_silver",
        "textures/blocks/glass_cyan",
        "textures/blocks/glass_purple",
        "textures/blocks/glass_blue",
        "textures/blocks/glass_brown",
        "textures/blocks/glass_green",
        "textures/blocks/glass_red",
        "textures/blocks/glass_black"
      ]
    },
    "stained_glass_pane_top": {
      "textures": [
        "textures/blocks/glass_pane_top_white",
        "textures/blocks/glass_pane_top_orange",
        "textures/blocks/glass_pane_top_magenta",
        "textures/blocks/glass_pane_top_light_blue",
        "textures/blocks/glass_pane_top_yellow",
        "textures/blocks/glass_pane_top_lime",
        "textures/blocks/glass_pane_top_pink",
        "textures/blocks/glass_pane_top_gray",
        "textures/blocks/glass_pane_top_silver",
        "textures/blocks/glass_pane_top_cyan",
        "textures/blocks/glass_pane_top_purple",
        "textures/blocks/glass_pane_top_blue",
        "textures/blocks/glass_pane_top_brown",
        "textures/blocks/glass_pane_top_green",
        "textures/blocks/glass_pane_top_red",
        "textures/blocks/glass_pane_top_black"
      ]
    },
    "stair_purpur_block": {
      "textures": "textures/blocks/purpur_block"
    },
    "stair_quartz_block": {
      "textures": "textures/blocks/quartz_block_side"
    },
    "stair_quartz_smooth": {
      "textures": "textures/blocks/quartz_block_smooth"
    },
    "still_lava": {
      "textures": "textures/blocks/lava_still"
    },
    "still_water": {
      "textures": "textures/blocks/water_still"
    },
    "stone": {
      "textures": [
        "textures/blocks/stone",
        "textures/blocks/stone_granite",
        "textures/blocks/stone_granite_smooth",
        "textures/blocks/stone_diorite",
        "textures/blocks/stone_diorite_smooth",
        "textures/blocks/stone_andesite",
        "textures/blocks/stone_andesite_smooth"
      ]
    },
    "stone_button": {
      "textures": "textures/blocks/stone_button"
    },
    "stone_pressure_plate": {
      "textures": "textures/blocks/stone_pressure_plate"
    },
    "stone_slab": {
      "textures": [
        "textures/blocks/stone_slab_top",
        "textures/blocks/stone_slab_side"
      ]
    },
    "stone_slab_bottom": {
      "textures": [
        "textures/blocks/stone_slab_top",
        "textures/blocks/sandstone_top",
        "textures/blocks/planks_oak",
        "textures/blocks/cobblestone",
        "textures/blocks/brick",
        "textures/blocks/stonebrick",
        "textures/blocks/quartz_block_bottom",
        "textures/blocks/nether_brick"
      ]
    },
    "stone_slab_side": {
      "textures": [
        "textures/blocks/stone_slab_side",
        "textures/blocks/sandstone_normal",
        "textures/blocks/planks_oak",
        "textures/blocks/cobblestone",
        "textures/blocks/brick",
        "textures/blocks/stonebrick",
        "textures/blocks/quartz_block_side",
        "textures/blocks/nether_brick"
      ]
    },
    "stone_slab_top": {
      "textures": [
        "textures/blocks/stone_slab_top",
        "textures/blocks/sandstone_top",
        "textures/blocks/planks_oak",
        "textures/blocks/cobblestone",
        "textures/blocks/brick",
        "textures/blocks/stonebrick",
        "textures/blocks/quartz_block_top",
        "textures/blocks/nether_brick"
      ]
    },
    "stone_slab_top_2": {
      "textures": [
        "textures/blocks/red_sandstone_top",
        "textures/blocks/purpur_block",
        "textures/blocks/prismarine_rough",
        "textures/blocks/prismarine_dark",
        "textures/blocks/prismarine_bricks",
        "textures/blocks/cobblestone_mossy",
        "textures/blocks/sandstone_top",
        "textures/blocks/red_nether_brick"
      ]
    },
    "stone_slab_bottom_2": {
      "textures": [
        "textures/blocks/red_sandstone_bottom",
        "textures/blocks/purpur_block",
        "textures/blocks/prismarine_rough",
        "textures/blocks/prismarine_dark",
        "textures/blocks/prismarine_bricks",
        "textures/blocks/cobblestone_mossy",
        "textures/blocks/sandstone_top",
        "textures/blocks/red_nether_brick"
      ]
    },
    "stone_slab_side_2": {
      "textures": [
        "textures/blocks/red_sandstone_normal",
        "textures/blocks/purpur_block",
        "textures/blocks/prismarine_rough",
        "textures/blocks/prismarine_dark",
        "textures/blocks/prismarine_bricks",
        "textures/blocks/cobblestone_mossy",
        "textures/blocks/sandstone_top",
        "textures/blocks/red_nether_brick"
      ]
    },
    "stone_slab_top_3": {
      "textures": [
        "textures/blocks/end_bricks",
        "textures/blocks/red_sandstone_top",
        "textures/blocks/stone_andesite_smooth",
        "textures/blocks/stone_andesite",
        "textures/blocks/stone_diorite",
        "textures/blocks/stone_diorite_smooth",
        "textures/blocks/stone_granite",
        "textures/blocks/stone_granite_smooth"
      ]
    },
    "stone_slab_bottom_3": {
      "textures": [
        "textures/blocks/end_bricks",
        "textures/blocks/red_sandstone_top",
        "textures/blocks/stone_andesite_smooth",
        "textures/blocks/stone_andesite",
        "textures/blocks/stone_diorite",
        "textures/blocks/stone_diorite_smooth",
        "textures/blocks/stone_granite",
        "textures/blocks/stone_granite_smooth"
      ]
    },
    "stone_slab_side_3": {
      "textures": [
        "textures/blocks/end_bricks",
        "textures/blocks/red_sandstone_top",
        "textures/blocks/stone_andesite_smooth",
        "textures/blocks/stone_andesite",
        "textures/blocks/stone_diorite",
        "textures/blocks/stone_diorite_smooth",
        "textures/blocks/stone_granite",
        "textures/blocks/stone_granite_smooth"
      ]
    },
    "stone_slab_top_4": {
      "textures": [
        "textures/blocks/stonebrick_mossy",
        "textures/blocks/quartz_block_smooth",
        "textures/blocks/stone",
        "textures/blocks/sandstone_top",
        "textures/blocks/red_sandstone_top"
      ]
    },
    "stone_slab_bottom_4": {
      "textures": [
        "textures/blocks/stonebrick_mossy",
        "textures/blocks/quartz_block_smooth",
        "textures/blocks/stone",
        "textures/blocks/sandstone_top",
        "textures/blocks/red_sandstone_top"
      ]
    },
    "stone_slab_side_4": {
      "textures": [
        "textures/blocks/stonebrick_mossy",
        "textures/blocks/quartz_block_smooth",
        "textures/blocks/stone",
        "textures/blocks/sandstone_smooth",
        "textures/blocks/red_sandstone_smooth"
      ]
    },
    "stonebrick": {
      "textures": [
        "textures/blocks/stonebrick",
        "textures/blocks/stonebrick_mossy",
        "textures/blocks/stonebrick_cracked",
        "textures/blocks/stonebrick_carved"
      ]
    },
    "stonecutter_bottom": {
      "textures": [
        "textures/blocks/stonecutter_bottom"
      ]
    },
    "stonecutter_other_side": {
      "textures": [
        "textures/blocks/stonecutter_other_side"
      ]
    },
    "stonecutter_side": {
      "textures": [
        "textures/blocks/stonecutter_side"
      ]
    },
    "stonecutter_top": {
      "textures": [
        "textures/blocks/stonecutter_top"
      ]
    },
    "structure_block": {
      "textures": [
        "textures/blocks/structure_block",
        "textures/blocks/structure_block_data",
        "textures/blocks/structure_block_save",
        "textures/blocks/structure_block_load",
        "textures/blocks/structure_block_corner",
        "textures/blocks/structure_block_export"
      ]
    },
    "structure_void": {
      "textures": [
        "textures/blocks/structure_void",
        "textures/blocks/structure_air"
      ]
    },
    "sunflower_additional": {
      "textures": [
        "textures/blocks/double_plant_sunflower_front",
        "textures/blocks/double_plant_sunflower_back"
      ]
    },
    "tallgrass": {
      "textures": [
        "textures/blocks/tallgrass",
        "textures/blocks/tallgrass",
        "textures/blocks/fern",
        "textures/blocks/fern"
      ]
    },
    "tallgrass_carried": {
      "textures": [
        "textures/blocks/tallgrass_carried",
        "textures/blocks/tallgrass_carried",
        "textures/blocks/fern_carried",
        "textures/blocks/fern_carried"
      ]
    },
    "seagrass_carried": {
      "textures": "textures/blocks/seagrass_carried"
    },
    "seagrass_short": {
	  "textures": "textures/blocks/seagrass"
    },
    "seagrass_tall_bot_a": {
      "textures": "textures/blocks/seagrass_doubletall_bottom_a"
    },
    "seagrass_tall_bot_b": {
      "textures": "textures/blocks/seagrass_doubletall_bottom_b"
    },
    "seagrass_tall_top_a": {
      "textures": "textures/blocks/seagrass_doubletall_top_a"
    },
    "seagrass_tall_top_b": {
      "textures": "textures/blocks/seagrass_doubletall_top_b"
    },
    "tnt_bottom": {
      "textures": "textures/blocks/tnt_bottom"
    },
    "tnt_side": {
      "textures": "textures/blocks/tnt_side"
    },
    "tnt_top": {
      "textures": "textures/blocks/tnt_top"
    },
    "torch_on": {
      "textures": "textures/blocks/torch_on"
    },
    "trapdoor": {
      "textures": "textures/blocks/trapdoor"
    },
    "trapped_chest_inventory_front": {
      "textures": [
        "textures/blocks/trapped_chest_front"
      ]
    },
    "trip_wire": {
      "textures": "textures/blocks/trip_wire"
    },
    "trip_wire_base": {
      "textures": "textures/blocks/oak_pressure_plate"
    },
    "trip_wire_source": {
      "textures": "textures/blocks/trip_wire_source"
    },
    "undyed_shulker_box_top": {
      "textures": "textures/blocks/shulker_top_undyed"
    },
    "undyed_shulker_box_side": {
      "textures": "textures/blocks/shulker_side_undyed"
    },
    "vine": {
      "textures": "textures/blocks/vine"
    },
    "vine_carried": {
      "textures": "textures/blocks/vine_carried"
    },
    "waterlily": {
      "textures": [
        {
          "path": "textures/blocks/waterlily",
          "tint_color": "#208030"
        }
      ]
    },
    "waterlily_carried": {
      "textures": "textures/blocks/carried_waterlily"
    },
    "web": {
      "textures": "textures/blocks/web"
    },
    "wheat": {
      "textures": [
        "textures/blocks/wheat_stage_0",
        "textures/blocks/wheat_stage_1",
        "textures/blocks/wheat_stage_2",
        "textures/blocks/wheat_stage_3",
        "textures/blocks/wheat_stage_4",
        "textures/blocks/wheat_stage_5",
        "textures/blocks/wheat_stage_6",
        "textures/blocks/wheat_stage_7"
      ]
    },
    "white_glazed_terracotta": {
      "textures": "textures/blocks/glazed_terracotta_white"
    },
    "wood_acacia": {
      "textures": "textures/blocks/planks_acacia"
    },
    "wood_dark_oak": {
      "textures": "textures/blocks/planks_dark_oak"
    },
    "wood_birch": {
      "textures": "textures/blocks/planks_birch"
    },
    "wood_button": {
      "textures": "textures/blocks/oak_button"
    },
    "dark_oak_button": {
      "textures": "textures/blocks/dark_oak_button"
    },
    "birch_button": {
      "textures": "textures/blocks/birch_button"
    },
    "acacia_button": {
      "textures": "textures/blocks/acacia_button"
    },
    "jungle_button": {
      "textures": "textures/blocks/jungle_button"
    },
    "spruce_button": {
      "textures": "textures/blocks/spruce_button"
    },
    "wood_jungle": {
      "textures": "textures/blocks/planks_jungle"
    },
    "wood_oak": {
      "textures": "textures/blocks/planks_oak"
    },
    "oak_pressure_plate": {
      "textures": "textures/blocks/oak_pressure_plate"
    },
    "wood_spruce": {
      "textures": "textures/blocks/planks_spruce"
    },
    "wool": {
      "textures": [
        "textures/blocks/wool_colored_white",
        "textures/blocks/wool_colored_orange",
        "textures/blocks/wool_colored_magenta",
        "textures/blocks/wool_colored_light_blue",
        "textures/blocks/wool_colored_yellow",
        "textures/blocks/wool_colored_lime",
        "textures/blocks/wool_colored_pink",
        "textures/blocks/wool_colored_gray",
        "textures/blocks/wool_colored_silver",
        "textures/blocks/wool_colored_cyan",
        "textures/blocks/wool_colored_purple",
        "textures/blocks/wool_colored_blue",
        "textures/blocks/wool_colored_brown",
        "textures/blocks/wool_colored_green",
        "textures/blocks/wool_colored_red",
        "textures/blocks/wool_colored_black"
      ]
    },
    "yellow_flower": {
      "textures": "textures/blocks/flower_dandelion"
    },
    "yellow_glazed_terracotta": {
      "textures": "textures/blocks/glazed_terracotta_yellow"
    },
    "barrel_top": {
      "textures": [
        "textures/blocks/barrel_top",
        "textures/blocks/barrel_top_open"
      ]
    },
    "barrel_bottom": {
      "textures": [
        "textures/blocks/barrel_bottom",
        "textures/blocks/barrel_bottom"
      ]
    },
    "barrel_side": {
      "textures": [
        "textures/blocks/barrel_side",
        "textures/blocks/barrel_side"
      ]
    },
    "smithing_table_bottom": {
      "textures": "textures/blocks/smithing_table_bottom"
    },
    "smithing_table_front": {
      "textures": "textures/blocks/smithing_table_front"
    },
    "smithing_table_side": {
      "textures": "textures/blocks/smithing_table_side"
    },
    "smithing_table_top": {
      "textures": "textures/blocks/smithing_table_top"
    },
    "smoker": {
      "textures": [
        "textures/blocks/smoker_front_off",
        "textures/blocks/smoker_front_on",
        "textures/blocks/smoker_side",
        "textures/blocks/smoker_top"
      ]
    },
    "smoker_front_off": {
      "textures": "textures/blocks/smoker_front_off"
    },
    "smoker_front_on": {
      "textures": "textures/blocks/smoker_front_on"
    },
    "smoker_top": {
      "textures": [
        "textures/blocks/smoker_top",
        "textures/blocks/smoker_top"
      ]
    },
    "smoker_bottom": {
      "textures": [
        "textures/blocks/smoker_bottom",
        "textures/blocks/smoker_bottom"
      ]
    },
    "smoker_side": {
      "textures": [
        "textures/blocks/smoker_side",
        "textures/blocks/smoker_side"
      ]
    },
    "blast_furnace": {
      "textures": [
        "textures/blocks/blast_furnace_front_off",
        "textures/blocks/blast_furnace_front_on",
        "textures/blocks/blast_furnace_side",
        "textures/blocks/blast_furnace_top"
      ]
    },
    "blast_furnace_front": {
      "textures": [
        "textures/blocks/blast_furnace_front_off",
        "textures/blocks/blast_furnace_front_on"
      ]
    },
    "blast_furnace_front_off": {
      "textures": "textures/blocks/blast_furnace_front_off"
    },
    "blast_furnace_front_on": {
      "textures": "textures/blocks/blast_furnace_front_on"
    },
    "blast_furnace_top": {
      "textures": [
        "textures/blocks/blast_furnace_top",
        "textures/blocks/blast_furnace_top_on"
      ]
    },
    "blast_furnace_top_on": {
      "textures": "textures/blocks/blast_furnace_top_on"
    },
    "blast_furnace_side": {
      "textures": [
        "textures/blocks/blast_furnace_side",
        "textures/blocks/blast_furnace_side"
      ]
    },
    "lantern": {
      "textures": "textures/blocks/lantern"
    },
    "lantern_carried": {
      "textures": "textures/items/lantern"
    },
    "campfire_fire": {
      "textures": "textures/blocks/campfire"
    },
    "campfire_log": {
      "textures": "textures/blocks/campfire_log"
    },
    "campfire_log_lit": {
      "textures": "textures/blocks/campfire_log_lit"
    },
    "loom_top": {
      "textures": "textures/blocks/loom_top"
    },
    "loom_bottom": {
      "textures": "textures/blocks/loom_bottom"
    },
    "loom_side": {
      "textures": "textures/blocks/loom_side"
    },
    "loom_front": {
      "textures": "textures/blocks/loom_front"
    },
    "wood": {
      "textures": [
        "textures/blocks/log_oak",
        "textures/blocks/stripped_oak_log",
        "textures/blocks/log_spruce",
        "textures/blocks/stripped_spruce_log",
        "textures/blocks/log_birch",
        "textures/blocks/stripped_birch_log",
        "textures/blocks/log_jungle",
        "textures/blocks/stripped_jungle_log",
        "textures/blocks/log_acacia",
        "textures/blocks/stripped_acacia_log",
        "textures/blocks/log_dark_oak",
        "textures/blocks/stripped_dark_oak_log"
      ]
    },
    "sweet_berry_bush_0": {
      "textures": "textures/blocks/sweet_berry_bush_stage0"
    },
    "sweet_berry_bush_1": {
      "textures": "textures/blocks/sweet_berry_bush_stage1"
    },
    "sweet_berry_bush_2": {
      "textures": "textures/blocks/sweet_berry_bush_stage2"
    },
    "sweet_berry_bush_3": {
      "textures": "textures/blocks/sweet_berry_bush_stage3"
    },
    "sweet_berry_bush_carried": {
      "textures": "textures/items/sweet_berries"
    },
    "composter_top": {
      "textures": [
        "textures/blocks/composter_top",
        "textures/blocks/compost",
        "textures/blocks/compost_ready"
      ]
    },
    "composter_side": {
      "textures": "textures/blocks/composter_side"
    },
    "composter_bottom": {
      "textures": "textures/blocks/composter_bottom"
    },
    "crimson_roots": {
      "textures": "textures/blocks/crimson_roots"
    },
    "crimson_roots_pot": {
      "textures": "textures/blocks/crimson_roots_pot"
    },
    "warped_roots": {
      "textures": "textures/blocks/warped_roots"
    },
    "warped_roots_pot": {
      "textures": "textures/blocks/warped_roots_pot"
    },
    "nether_shroom_red": {
      "textures": "textures/blocks/crimson_fungus"
    },
    "nether_shroom_blue": {
      "textures": "textures/blocks/warped_fungus"
    },
    "blue_nether_wart": {
      "textures": [
        "textures/blocks/blue_nether_wart"
      ]
    },
    "crimson_log_side": {
      "textures": "textures/blocks/huge_fungus/crimson_log_side"
    },
    "crimson_log_top": {
      "textures": "textures/blocks/huge_fungus/crimson_log_top"
    },
    "warped_stem_side": {
      "textures": "textures/blocks/huge_fungus/warped_stem_side"
    },
    "warped_stem_top": {
      "textures": "textures/blocks/huge_fungus/warped_stem_top"
    },
    "stripped_crimson_stem_side": {
      "textures": "textures/blocks/huge_fungus/stripped_crimson_stem_side"
    },
    "stripped_crimson_stem_top": {
      "textures": "textures/blocks/huge_fungus/stripped_crimson_stem_top"
    },
    "stripped_warped_stem_side": {
      "textures": "textures/blocks/huge_fungus/stripped_warped_stem_side"
    },
    "stripped_warped_stem_top": {
      "textures": "textures/blocks/huge_fungus/stripped_warped_stem_top"
    },
    "shroomlight": {
      "textures": "textures/blocks/shroomlight"
    },
    "crimson_nylium_side": {
      "textures": "textures/blocks/crimson_nylium_side"
    },
    "crimson_nylium_top": {
      "textures": "textures/blocks/crimson_nylium_top"
    },
    "warped_nylium_side": {
      "textures": "textures/blocks/warped_nylium_side"
    },
    "warped_nylium_top": {
      "textures": "textures/blocks/warped_nylium_top"
    },
    "basalt_side": {
      "textures": "textures/blocks/basalt_side"
    },
    "basalt_top": {
      "textures": "textures/blocks/basalt_top"
    },
    "polished_basalt_side": {
      "textures": "textures/blocks/polished_basalt_side"
    },
    "polished_basalt_top": {
      "textures": "textures/blocks/polished_basalt_top"
    },
    "soul_soil": {
      "textures": "textures/blocks/soul_soil"
    },
    "blue_fire_0": {
      "textures": "textures/blocks/blue_fire_0"
    },
    "blue_fire_1": {
      "textures": "textures/blocks/blue_fire_1"
    },
    "weeping_vines_base": {
      "textures": [
        "textures/blocks/weeping_vines_base"
      ]
    },
    "weeping_vines_bottom": {
      "textures": [
        "textures/blocks/weeping_vines_bottom"
      ]
    },
    "nether_sprouts": {
      "textures": [
        "textures/blocks/nether_sprouts"
      ]
    },
    "target_block_top": {
      "textures": "textures/blocks/target_block_top"
    },
    "target_block_side": {
      "textures": "textures/blocks/target_block_side"
    },
    "soul_torch": {
      "textures": "textures/blocks/soul_torch"
    },
    "soul_lantern": {
      "textures": "textures/blocks/soul_lantern"
    },
    "soul_lantern_carried": {
      "textures": "textures/items/soul_lantern"
    },
    "netherite_block": {
      "textures": "textures/blocks/netherite_block"
    },
    "netherite_block_top": {
      "textures": "textures/blocks/netherite_block_top"
	},
    "ancient_debris_top": {
      "textures": "textures/blocks/ancient_debris_top"
    },
    "ancient_debris_side": {
      "textures": "textures/blocks/ancient_debris_side"
    },
    "warped_sign": {
      "textures": "textures/blocks/huge_fungus/warped_sign"
    },
    "crimson_sign": {
      "textures": "textures/blocks/huge_fungus/crimson_sign"
    },
    "crimson_door_top": {
      "textures": "textures/blocks/huge_fungus/crimson_door_top"
    },
    "warped_door_top": {
      "textures": "textures/blocks/huge_fungus/warped_door_top"
    },
    "crimson_door_lower": {
      "textures": "textures/blocks/huge_fungus/crimson_door_lower"
    },
    "warped_door_lower": {
      "textures": "textures/blocks/huge_fungus/warped_door_lower"
    },
    "crimson_planks": {
      "textures": "textures/blocks/huge_fungus/crimson_planks"
    },
    "warped_planks": {
      "textures": "textures/blocks/huge_fungus/warped_planks"
    },
    "crimson_trap_door": {
      "textures": "textures/blocks/huge_fungus/crimson_trapdoor"
    },
    "warped_trapdoor": {
      "textures": "textures/blocks/huge_fungus/warped_trapdoor"
    },
	"crimson_pressure_plate": {
      "textures": "textures/blocks/crimson_pressure_plate"
    },
	"warped_pressure_plate": {
      "textures": "textures/blocks/warped_pressure_plate"
    },
    "crimson_button": {
      "textures": "textures/blocks/crimson_button"
    },
    "warped_button": {
      "textures": "textures/blocks/warped_button"
    },
	"deepslate_diamond_ore_top": {
      "textures": "textures/blocks/deepslate/deepslate_diamond_ore_top"
    },
    "deepslate_gold_ore_top": {
      "textures": "textures/blocks/deepslate/deepslate_gold_ore_top"
    },
    "deepslate_iron_ore_top": {
      "textures": "textures/blocks/deepslate/deepslate_iron_ore_top"
    },
    "deepslate_lapis_ore_top": {
      "textures": "textures/blocks/deepslate/deepslate_lapis_ore_top"
    },
    "deepslate_redstone_ore_top": {
      "textures": "textures/blocks/deepslate/deepslate_redstone_ore_top"
    },
    "deepslate_coal_ore_top": {
      "textures": "textures/blocks/deepslate/deepslate_coal_ore_top"
    },
    "deepslate_emerald_ore_top": {
      "textures": "textures/blocks/deepslate/deepslate_emerald_ore_top"
    },
    "deepslate_copper_ore_top": {
      "textures": "textures/blocks/deepslate/deepslate_copper_ore_top"
    },
    "crying_obsidian": {
      "textures": "textures/blocks/crying_obsidian"
    },
    "copper_block": {
      "textures": "textures/blocks/copper_block"
    },
    "copper_block_top": {
      "textures": "textures/blocks/copper_block_top"
    },
    "exposed_copper": {
      "textures": "textures/blocks/exposed_copper"
    },
    "exposed_copper_top": {
      "textures": "textures/blocks/exposed_copper_top"
    },
    "weathered_copper": {
      "textures": "textures/blocks/weathered_copper"
    },
    "weathered_copper_top": {
      "textures": "textures/blocks/weathered_copper_top"
    },
    "oxidized_copper": {
      "textures": "textures/blocks/oxidized_copper"
    },
    "oxidized_copper_top": {
      "textures": "textures/blocks/oxidized_copper_top"
    },
	"sculk_sensor_top": {
      "textures": "textures/blocks/sculk_sensor_top"
    },
    "sculk_sensor_side": {
      "textures": "textures/blocks/sculk_sensor_side"
    },
    "sculk_sensor_bottom": {
      "textures": "textures/blocks/sculk_sensor_bottom"
    },
    "sculk_sensor_tendril_inactive": {
      "textures": "textures/blocks/sculk_sensor_tendril_inactive"
    },
    "sculk_sensor_tendril_active": {
      "textures": "textures/blocks/sculk_sensor_tendril_active"
    },
    "sculk": {
      "textures": "textures/blocks/sculk"
    },
    "sculk_vein": {
      "textures": "textures/blocks/sculk_vein"
    },
    "sculk_catalyst_bottom": {
      "textures": [
        "textures/blocks/sculk_catalyst_bottom",
        "textures/blocks/sculk_catalyst_bottom"
      ]
    },
    "sculk_catalyst_side": {
      "textures": [
        "textures/blocks/sculk_catalyst_side",
        "textures/blocks/sculk_catalyst_side_bloom"
      ]
    },
    "sculk_catalyst_top": {
      "textures": [
        "textures/blocks/sculk_catalyst_top",
        "textures/blocks/sculk_catalyst_top_bloom"
      ]
    },
    "sculk_shrieker_bottom": {
      "textures": "textures/blocks/sculk_shrieker_bottom"
    },
    "sculk_shrieker_inner_top": {
      "textures": "textures/blocks/sculk_shrieker_inner_top"
    },
    "sculk_shrieker_side": {
      "textures": "textures/blocks/sculk_shrieker_side"
    },
    "sculk_shrieker_top": {
      "textures": "textures/blocks/sculk_shrieker_top"
    },
    "frog_spawn": {
      "textures": "textures/blocks/frogspawn"
    },
    "pearlescent_froglight_top": {
      "textures": "textures/blocks/pearlescent_froglight_top"
    },
    "pearlescent_froglight_side": {
      "textures": "textures/blocks/pearlescent_froglight_side"
    },
    "verdant_froglight_top": {
      "textures": "textures/blocks/verdant_froglight_top"
    },
    "verdant_froglight_side": {
      "textures": "textures/blocks/verdant_froglight_side"
    },
    "ochre_froglight_top": {
      "textures": "textures/blocks/ochre_froglight_top"
    },
    "ochre_froglight_side": {
      "textures": "textures/blocks/ochre_froglight_side"
    },
    "mud": {
      "textures": "textures/blocks/mud"
    },
    "packed_mud": {
      "textures": "textures/blocks/packed_mud"
    },
    "mud_bricks": {
      "textures": "textures/blocks/mud_bricks"
    },
    "reinforced_deepslate_top": {
      "textures": "textures/blocks/reinforced_deepslate_top"
    },
    "reinforced_deepslate_bottom": {
      "textures": "textures/blocks/reinforced_deepslate_bottom"
    },
    "reinforced_deepslate_side": {
      "textures": "textures/blocks/reinforced_deepslate_side"
    },
    "mangrove_leaves": {
      "textures": "textures/blocks/leaves_mangrove"
    },
    "mangrove_leaves_carried": {
      "textures": "textures/blocks/leaves_mangrove_carried"
    },
    "mangrove_propagule": {
      "textures": "textures/blocks/mangrove_propagule"
    },
    "mangrove_propagule_hanging": {
      "textures": "textures/blocks/mangrove_propagule_hanging"
    },
    "mangrove_roots_side": {
      "textures": "textures/blocks/mangrove_roots_side"
    },
    "mangrove_roots_top": {
      "textures": "textures/blocks/mangrove_roots_top"
    },
    "muddy_mangrove_roots_side": {
      "textures": "textures/blocks/muddy_mangrove_roots_side"
    },
    "muddy_mangrove_roots_top": {
      "textures": "textures/blocks/muddy_mangrove_roots_top"
    },
    "mangrove_log_side": {
      "textures": "textures/blocks/log_mangrove"
    },
    "mangrove_log_top": {
      "textures": "textures/blocks/log_mangrove_top"
    },
    "stripped_mangrove_log_side": {
      "textures": "textures/blocks/stripped_mangrove_log"
    },
    "stripped_mangrove_log_top": {
      "textures": "textures/blocks/stripped_mangrove_log_top"
    },
    "cherry_log_side": {
      "textures": "textures/blocks/log_cherry"
    },
    "cherry_log_top": {
      "textures": "textures/blocks/log_cherry_top"
    },
    "stripped_cherry_log_side": {
      "textures": "textures/blocks/stripped_cherry_log"
    },
    "stripped_cherry_log_top": {
      "textures": "textures/blocks/stripped_cherry_log_top"
    },
    "mangrove_planks": {
      "textures": "textures/blocks/planks_mangrove"
    },
    "mangrove_door_top": {
      "textures": "textures/blocks/door_mangrove_upper"
    },
    "mangrove_door_bottom": {
      "textures": "textures/blocks/door_mangrove_lower"
    },
    "mangrove_trapdoor": {
      "textures": "textures/blocks/mangrove_trapdoor"
    },
	"mangrove_button": {
      "textures": "textures/blocks/mangrove_button"
    },
	"mangrove_pressure_plate": {
      "textures": "textures/blocks/mangrove_pressure_plate"
    },
	"mangrove_gate": {
      "textures": "textures/blocks/mangrove_gate"
    },
    "mangrove_fence": {
      "textures": "textures/blocks/mangrove_fence"
    },
	"cherry_gate": {
      "textures": "textures/blocks/cherry_gate"
    },
    "cherry_fence": {
      "textures": "textures/blocks/cherry_fence"
    },
	"cherry_button": {
      "textures": "textures/blocks/cherry_button"
    },
	"cherry_pressure_plate": {
      "textures": "textures/blocks/cherry_pressure_plate"
    },
	"bamboo_mosaic": {
      "textures": "textures/blocks/bamboo_mosaic"
    },
    "bamboo_block": {
      "textures": "textures/blocks/bamboo_block"
    },
    "bamboo_block_top": {
      "textures": "textures/blocks/bamboo_block_top"
    },
    "stripped_bamboo_block": {
      "textures": "textures/blocks/stripped_bamboo_block"
    },
    "stripped_bamboo_block_top": {
      "textures": "textures/blocks/stripped_bamboo_block_top"
    },
    "bamboo_planks": {
      "textures": "textures/blocks/bamboo_planks"
    },
    "bamboo_sign": {
      "textures": "textures/blocks/bamboo_planks"
    },
    "bamboo_fence": {
      "textures": "textures/blocks/bamboo_fence"
    },
    "bamboo_fence_gate": {
      "textures": "textures/blocks/bamboo_fence_gate"
    },
	"bamboo_button": {
      "textures": "textures/blocks/bamboo_button"
    },
	"bamboo_pressure_plate": {
      "textures": "textures/blocks/bamboo_pressure_plate"
    },
    "bamboo_door_top": {
      "textures": "textures/blocks/bamboo_door_top"
    },
    "bamboo_door_bottom": {
      "textures": "textures/blocks/bamboo_door_bottom"
    },
    "bamboo_trapdoor": {
      "textures": "textures/blocks/bamboo_trapdoor"
    },
    "chiseled_bookshelf_side": {
      "textures": "textures/blocks/chiseled_bookshelf_side"
    },
    "chiseled_bookshelf_front": {
      "textures": [
        "textures/blocks/chiseled_bookshelf_empty",
        "textures/blocks/chiseled_bookshelf_occupied"
      ]
    },
    "chiseled_bookshelf_top": {
      "textures": "textures/blocks/chiseled_bookshelf_top"
    },
    "chiseled_bookshelf_side": {
      "textures": "textures/blocks/chiseled_bookshelf_side"
    }
  }
}