{
  "acacia_door": {
    "blockshape": "door",
    "sound": "wood",
    "textures": {
      "down": "door_lower",
      "side": "door_upper",
      "up": "door_lower"
    }
  },
  "acacia_fence_gate": {
    "blockshape": "fence_gate",
    "sound": "wood",
    "textures": "acacia_gate"
  },
  "acacia_stairs": {
    "blockshape": "stairs",
    "sound": "wood",
    "textures": "wood_acacia"
  },
  "activator_rail": {
    "blockshape": "rail",
    "sound": "metal",
    "textures": {
      "down": "rail_activator",
      "side": "rail_activator",
      "up": "rail_activator_powered"
    }
  },
  "air": {
    "blockshape": "invisible"
  },
  "anvil": {
    "blockshape": "anvil",
    "sound": "anvil",
    "textures": {
      "down": "anvil_base",
      "side": "anvil_base",
      "up": "anvil_top_damaged_x"
    }
  },
  "beacon": {
    "blockshape": "beacon",
    "sound": "glass",
    "textures": {
      "down": "beacon_base",
      "side": "beacon_shell",
      "up": "beacon_core"
    }
  },
  "bed": {
    "blockshape": "bed",
    "sound": "wood",
    "textures": "bed_bottom"
  },
  "bedrock": {
    "sound": "stone",
    "textures": "bedrock"
  },
  "beetroot": {
    "blockshape": "rows",
    "sound": "wood",
    "textures": "beetroot"
  },
  "birch_door": {
    "blockshape": "door",
    "sound": "wood",
    "textures": {
      "down": "door_lower",
      "side": "door_upper",
      "up": "door_lower"
    }
  },
  "birch_fence_gate": {
    "blockshape": "fence_gate",
    "sound": "wood",
    "textures": "birch_gate"
  },
  "birch_stairs": {
    "blockshape": "stairs",
    "sound": "wood",
    "textures": "wood_birch"
  },
  "black_glazed_terracotta": {
    "blockshape": "terracotta",
    "sound": "stone",
    "textures": "black_glazed_terracotta"
  },
  "blue_glazed_terracotta": {
    "blockshape": "terracotta",
    "sound": "stone",
    "textures": "blue_glazed_terracotta"
  },
  "bookshelf": {
    "sound": "wood",
    "carried_textures": {
      "down": "bookshelf_top",
      "east": "bookshelf_side_0",
      "north": "bookshelf_side_1",
      "south": "bookshelf_side_1",
      "up": "bookshelf_top",
      "west": "bookshelf_side_0"
    },
    "textures": {
      "down": "bookshelf_top",
      "east": "bookshelf_side_0",
      "north": "bookshelf_side_1",
      "south": "bookshelf_side_1",
      "up": "bookshelf_top",
      "west": "bookshelf_side_0"
    }
  },
  "brewing_stand": {
    "blockshape": "brewing_stand",
    "sound": "stone",
    "textures": {
      "down": "brewing_stand_base",
      "side": "brewing_stand",
      "up": "brewing_stand"
    }
  },
  "brick_block": {
    "textures": "brick"
  },
  "brick_stairs": {
    "blockshape": "stairs",
    "textures": "brick"
  },
  "brown_glazed_terracotta": {
    "blockshape": "terracotta",
    "sound": "stone",
    "textures": "brown_glazed_terracotta"
  },
  "brown_mushroom": {
    "blockshape": "cross_texture",
    "sound": "grass",
    "textures": "mushroom_brown"
  },
  "brown_mushroom_block": {
    "sound": "wood",
    "textures": {
      "down": "mushroom_brown_bottom",
      "east": "mushroom_brown_east",
      "north": "mushroom_brown_north",
      "south": "mushroom_brown_south",
      "up": "mushroom_brown_top",
      "west": "mushroom_brown_west"
    }
  },
  "cactus": {
    "blockshape": "cactus",
    "sound": "cloth",
    "textures": {
      "down": "cactus_bottom",
      "side": "cactus_side",
      "up": "cactus_top"
    }
  },
  "cake": {
    "sound": "cloth",
    "textures": {
      "down": "cake_bottom",
      "east": "cake_side",
      "north": "cake_side",
      "south": "cake_side",
      "up": "cake_top",
      "west": "cake_west"
    }
  },
  "carpet": {
    "sound": "cloth",
    "textures": "wool"
  },
  "carrots": {
    "blockshape": "rows",
    "sound": "grass",
    "textures": "carrots"
  },
  "cauldron": {
    "blockshape": "cauldron",
    "textures": {
      "down": "cauldron_bottom",
      "east": "still_water",
      "north": "cauldron_side",
      "south": "cauldron_inner",
      "up": "cauldron_top",
      "west": "cauldron_water"
    }
  },
  "grindstone": {
    "textures": {
      "up": "grindstone_round",
      "down": "grindstone_leg",
      "north": "grindstone_pivot",
      "south": "grindstone_side",
      "east": "grindstone_side",
      "west": "grindstone_side"
    },
    "sound": "stone"
  },
  "bell": {
    "textures": {
      "up": "bell_top",
      "down": "bell_bottom",
      "north": "bell_side",
      "south": "bell_side",
      "east": "dark_oak_planks",
      "west": "bell_stone"
    },
    "carried_textures": "bell_carried",
    "sound": "metal"
  },
  "chain_command_block": {
    "blockshape": "command_block",
    "sound": "metal",
    "textures": {
      "down": "command_block_chain_conditional_side",
      "east": "command_block_chain_side",
      "north": "command_block_chain_front",
      "south": "command_block_chain_back",
      "up": "command_block_chain_conditional_side",
      "west": "command_block_chain_side"
    }
  },
  "cartography_table": {
    "textures": {
      "up": "cartography_table_top",
      "down": "cartography_table_bottom",
      "north": "cartography_table_side0",
      "south": "cartography_table_side1",
      "west": "cartography_table_side2",
      "east": "cartography_table_side3"
    },
    "sound": "wood"
  },
  "fletching_table": {
    "textures": {
      "up": "fletching_table_top",
      "down": "fletching_table_bottom",
      "north": "fletching_table_side1",
      "south": "fletching_table_side2",
      "west": "fletching_table_side3",
      "east": "fletching_table_side3"
    },
    "sound": "wood"
  },
  "chest": {
    "sound": "wood",
    "textures": {
      "down": "chest_inventory_top",
      "east": "chest_inventory_side",
      "north": "chest_inventory_side",
      "south": "chest_inventory_front",
      "up": "chest_inventory_top",
      "west": "chest_inventory_side"
    }
  },
  "chorus_flower": {
    "blockshape": "chorus_flower",
    "sound": "stone",
    "textures": "chorus_flower"
  },
  "chorus_plant": {
    "blockshape": "chorus_plant",
    "sound": "stone",
    "textures": "chorus_plant"
  },
  "clay": {
    "isotropic": true,
    "sound": "gravel",
    "textures": "clay"
  },
  "coal_block": {
    "sound": "stone",
    "textures": "coal_block"
  },
  "coal_ore": {
    "sound": "stone",
    "textures": "coal_ore"
  },
  "cobblestone": {
    "sound": "stone",
    "textures": "cobblestone"
  },
  "cobblestone_wall": {
    "blockshape": "wall",
    "textures": "cobblestone_wall"
  },
  "cocoa": {
    "blockshape": "cocoa",
    "sound": "wood",
    "textures": "cocoa"
  },
  "command_block": {
    "blockshape": "command_block",
    "sound": "metal",
    "textures": {
      "down": "command_block_conditional_side",
      "east": "command_block_side",
      "north": "command_block_front",
      "south": "command_block_back",
      "up": "command_block_conditional_side",
      "west": "command_block_side"
    }
  },
  "concrete": {
    "sound": "stone",
    "textures": "concrete"
  },
  "concretePowder": {
    "sound": "sand",
    "textures": "concretePowder"
  },
  "crafting_table": {
    "sound": "wood",
    "textures": {
      "down": "crafting_table_bottom",
      "east": "crafting_table_side",
      "north": "crafting_table_front",
      "south": "crafting_table_front",
      "up": "crafting_table_top",
      "west": "crafting_table_side"
    }
  },
  "cyan_glazed_terracotta": {
    "blockshape": "terracotta",
    "sound": "stone",
    "textures": "cyan_glazed_terracotta"
  },
  "dark_oak_door": {
    "blockshape": "door",
    "sound": "wood",
    "textures": {
      "down": "door_lower",
      "side": "door_upper",
      "up": "door_lower"
    }
  },
  "dark_oak_fence_gate": {
    "blockshape": "fence_gate",
    "sound": "wood",
    "textures": "dark_oak_gate"
  },
  "dark_oak_stairs": {
    "blockshape": "stairs",
    "sound": "wood",
    "textures": "wood_dark_oak"
  },
  "daylight_detector": {
    "sound": "wood",
    "textures": {
      "down": "daylight_detector_side",
      "side": "daylight_detector_side",
      "up": "daylight_detector_top"
    }
  },
  "daylight_detector_inverted": {
    "sound": "wood",
    "textures": {
      "down": "daylight_detector_side",
      "side": "daylight_detector_side",
      "up": "daylight_detector_top"
    }
  },
  "deadbush": {
    "blockshape": "cross_texture",
    "sound": "grass",
    "textures": "deadbush"
  },
  "detector_rail": {
    "blockshape": "rail",
    "sound": "metal",
    "textures": {
      "down": "rail_detector",
      "side": "rail_detector",
      "up": "rail_detector_powered"
    }
  },
  "diamond_block": {
    "sound": "metal",
    "textures": "diamond_block"
  },
  "diamond_ore": {
    "sound": "stone",
    "textures": "diamond_ore"
  },
  "dirt": {
    "isotropic": true,
    "sound": "gravel",
    "textures": "dirt"
  },
  "dispenser": {
    "carried_textures": {
      "down": "dispenser_top",
      "east": "dispenser_side",
      "north": "dispenser_side",
      "south": "dispenser_front_horizontal",
      "up": "dispenser_top",
      "west": "dispenser_side"
    },
    "sound": "stone",
    "textures": {
      "down": "dispenser_top",
      "east": "dispenser_front_vertical",
      "north": "dispenser_side",
      "south": "dispenser_front_horizontal",
      "up": "dispenser_top",
      "west": "dispenser_side"
    }
  },
  "double_plant": {
    "blockshape": "double_plant_poly",
    "carried_textures": "double_plant_carried",
    "sound": "grass",
    "textures": {
      "down": "double_plant_bottom",
      "side": "sunflower_additional",
      "up": "double_plant_top"
    }
  },
  "double_stone_slab": {
    "sound": "stone",
    "textures": {
      "down": "stone_slab_bottom",
      "side": "stone_slab_side",
      "up": "stone_slab_top"
    }
  },
  "double_stone_slab2": {
    "sound": "stone",
    "textures": {
      "down": "stone_slab_bottom_2",
      "side": "stone_slab_side_2",
      "up": "stone_slab_top_2"
    }
  },
  "double_wooden_slab": {
    "sound": "wood",
    "textures": "planks"
  },
  "dragon_egg": {
    "blockshape": "dragon_egg",
    "sound": "stone",
    "textures": "dragon_egg"
  },
  "dropper": {
    "carried_textures": {
      "down": "dropper_top",
      "east": "dropper_side",
      "north": "dropper_side",
      "south": "dropper_front_horizontal",
      "up": "dropper_top",
      "west": "dropper_side"
    },
    "sound": "stone",
    "textures": {
      "down": "dropper_top",
      "east": "dropper_front_vertical",
      "north": "dropper_side",
      "south": "dropper_front_horizontal",
      "up": "dropper_top",
      "west": "dropper_side"
    }
  },
  "emerald_block": {
    "sound": "metal",
    "textures": "emerald_block"
  },
  "emerald_ore": {
    "sound": "stone",
    "textures": "emerald_ore"
  },
  "enchanting_table": {
    "blockshape": "block_half",
    "textures": {
      "down": "enchanting_table_bottom",
      "side": "enchanting_table_side",
      "up": "enchanting_table_top"
    }
  },
  "end_bricks": {
    "sound": "stone",
    "textures": "end_bricks"
  },
  "end_portal_frame": {
    "blockshape": "portal_frame",
    "carried_textures": "endframe_eye",
    "sound": "glass",
    "textures": {
      "down": "endframe_bottom",
      "east": "endframe_side",
      "north": "endframe_side",
      "south": "endframe_side",
      "up": "endframe_top",
      "west": "endframe_side"
    }
  },
  "end_rod": {
    "blockshape": "end_rod",
    "sound": "wood",
    "textures": "end_rod"
  },
  "end_stone": {
    "sound": "stone",
    "textures": "end_stone"
  },
  "ender_chest": {
    "blockshape": "chest",
    "textures": {
      "down": "ender_chest_inventory_top",
      "east": "ender_chest_inventory_side",
      "north": "ender_chest_inventory_side",
      "south": "ender_chest_inventory_front",
      "up": "ender_chest_inventory_top",
      "west": "ender_chest_inventory_side"
    }
  },
  "farmland": {
    "sound": "gravel",
    "textures": {
      "down": "dirt",
      "side": "dirt",
      "up": "farmland"
    }
  },
  "fence_gate": {
    "blockshape": "fence_gate",
    "sound": "wood",
    "textures": "oak_gate"
  },
  "fire": {
    "blockshape": "fire",
    "sound": "wood",
    "textures": {
      "down": "fire_1",
      "side": "fire_0",
      "up": "fire_0"
    }
  },
  "flower_pot": {
    "blockshape": "flower_pot",
    "textures": "flower_pot"
  },
  "flowing_lava": {
    "blockshape": "water",
    "textures": {
      "down": "still_lava",
      "side": "flowing_lava",
      "up": "still_lava"
    }
  },
  "flowing_water": {
    "blockshape": "water",
    "textures": {
      "down": "still_water",
      "side": "flowing_water",
      "up": "still_water"
    }
  },
  "frame": {
    "blockshape": "frame",
    "sound": "itemframe",
    "textures": "itemframe_background"
  },
  "frosted_ice": {
    "sound": "glass",
    "textures": "frosted_ice"
  },
  "furnace": {
    "sound": "stone",
    "textures": {
      "down": "comparator_stone_slab",
      "east": "furnace_side",
      "north": "furnace_side",
      "south": "furnace_front_off",
      "up": "furnace_top",
      "west": "furnace_side"
    }
  },
  "blast_furnace": {
    "sound": "stone",
    "textures": {
      "down": "comparator_stone_slab",
      "east": "blast_furnace_side",
      "north": "blast_furnace_side",
      "south": "blast_furnace_front_off",
      "up": "blast_furnace_top",
      "west": "blast_furnace_side"
    }
  },
  "glass": {
    "sound": "glass",
    "textures": "glass"
  },
  "glass_pane": {
    "blockshape": "double_side_fence",
    "sound": "glass",
    "textures": {
      "down": "glass",
      "east": "glass_pane_top",
      "north": "glass",
      "south": "glass",
      "up": "glass",
      "west": "glass"
    }
  },
  "glowing_obsidian": {
    "brightness_gamma": 0.8,
    "sound": "stone",
    "textures": "glowing_obsidian"
  },
  "glowstone": {
    "isotropic": true,
    "sound": "glass",
    "textures": "glowstone"
  },
  "gold_block": {
    "carried_textures": {
      "down": "gold_block_top",
      "east": "gold_block",
      "north": "gold_block",
      "south": "gold_block",
      "up": "gold_block_top",
      "west": "gold_block"
    },
    "sound": "metal",
    "textures": {
      "down": "gold_block_top",
      "side": "gold_block",
      "up": "gold_block_top"
    }
  },
  "gold_ore": {
    "sound": "stone",
    "textures": "gold_ore"
  },
  "golden_rail": {
    "blockshape": "rail",
    "sound": "metal",
    "textures": {
      "down": "rail_golden",
      "side": "rail_golden",
      "up": "rail_golden_powered"
    }
  },
  "grass": {
    "carried_textures": {
      "down": "grass_carried_bottom",
      "side": "grass_carried",
      "up": "grass_carried_top"
    },
    "isotropic": {
      "down": true,
      "up": true
    },
    "sound": "grass",
    "textures": {
      "down": "grass_bottom",
      "side": "grass_side",
      "up": "grass_top"
    }
  },
  "grass_path": {
    "isotropic": {
      "down": true,
      "up": true
    },
    "sound": "grass",
    "textures": {
      "down": "dirt",
      "side": "grass_path_side",
      "up": "grass_path_top"
    }
  },
  "gravel": {
    "sound": "gravel",
    "textures": "gravel"
  },
  "gray_glazed_terracotta": {
    "blockshape": "terracotta",
    "sound": "stone",
    "textures": "gray_glazed_terracotta"
  },
  "green_glazed_terracotta": {
    "blockshape": "terracotta",
    "sound": "stone",
    "textures": "green_glazed_terracotta"
  },
  "hardened_clay": {
    "isotropic": true,
    "sound": "stone",
    "textures": "hardened_clay"
  },
  "hay_block": {
    "blockshape": "tree",
    "sound": "grass",
    "textures": {
      "down": "hayblock_side",
      "side": "hayblock_side",
      "up": "hayblock_top"
    }
  },
  "heavy_weighted_pressure_plate": {
    "sound": "wood",
    "carried_textures": "heavy_pressure_plate",
    "textures": "heavy_pressure_plate"
  },
  "hopper": {
    "blockshape": "hopper",
    "sound": "metal",
    "textures": {
      "down": "hopper_inside",
      "east": "hopper_outside",
      "north": "hopper_outside",
      "south": "hopper_outside",
      "up": "hopper_top",
      "west": "hopper_outside"
    }
  },
  "ice": {
    "sound": "glass",
    "textures": "ice"
  },
  "info_update": {
    "sound": "gravel",
    "textures": "missing_tile"
  },
  "info_update2": {
    "sound": "gravel",
    "textures": "missing_tile"
  },
  "invisibleBedrock": {
    "blockshape": "invisible",
    "textures": "stone"
  },
  "iron_bars": {
    "blockshape": "iron_fence",
    "sound": "metal",
    "textures": {
      "down": "iron_bars",
      "east": "iron_bars_edge",
      "north": "iron_bars",
      "south": "iron_bars",
      "up": "iron_bars",
      "west": "iron_bars"
    }
  },
  "iron_block": {
    "carried_textures": {
      "down": "iron_block_top",
      "east": "iron_block",
      "north": "iron_block",
      "south": "iron_block",
      "up": "iron_block_top",
      "west": "iron_block"
    },
    "sound": "metal",
    "textures": {
      "down": "iron_block_top",
      "side": "iron_block",
      "up": "iron_block_top"
    }
  },
  "iron_door": {
    "blockshape": "door",
    "sound": "metal",
    "textures": {
      "down": "door_lower",
      "side": "door_upper",
      "up": "door_lower"
    }
  },
  "iron_ore": {
    "sound": "stone",
    "textures": "iron_ore"
  },
  "jungle_door": {
    "blockshape": "door",
    "sound": "wood",
    "textures": {
      "down": "door_lower",
      "side": "door_upper",
      "up": "door_lower"
    }
  },
  "jungle_fence_gate": {
    "blockshape": "fence_gate",
    "sound": "wood",
    "textures": "jungle_gate"
  },
  "jungle_stairs": {
    "blockshape": "stairs",
    "sound": "wood",
    "textures": "wood_jungle"
  },
  "ladder": {
    "blockshape": "ladder",
    "sound": "ladder",
    "textures": "ladder"
  },
  "lapis_block": {
    "sound": "stone",
    "textures": "lapis_block"
  },
  "lapis_ore": {
    "sound": "stone",
    "textures": "lapis_ore"
  },
  "lava": {
    "blockshape": "water",
    "isotropic": true,
    "textures": {
      "down": "still_lava",
      "side": "flowing_lava",
      "up": "still_lava"
    }
  },
  "magma": {
    "isotropic": false,
    "textures": "magma",
    "sound": "stone"
  },
  "leaves": {
    "brightness_gamma": 0.8,
    "carried_textures": "leaves_carried",
    "isotropic": {
      "down": true,
      "up": true
    },
    "sound": "grass",
    "textures": "leaves"
  },
  "leaves2": {
    "brightness_gamma": 0.8,
    "carried_textures": "leaves_carried2",
    "isotropic": {
      "down": true,
      "up": true
    },
    "sound": "grass",
    "textures": "leaves2"
  },
  "lever": {
    "blockshape": "lever",
    "sound": "wood",
    "textures": {
      "down": "lever",
      "east": "lever_particle",
      "north": "lever",
      "south": "lever",
      "up": "lever",
      "west": "lever"
    }
  },
  "light_blue_glazed_terracotta": {
    "blockshape": "terracotta",
    "sound": "stone",
    "textures": "light_blue_glazed_terracotta"
  },
  "light_weighted_pressure_plate": {
    "sound": "wood",
    "carried_textures": "light_pressure_plate",
    "textures": "light_pressure_plate"
  },
  "lime_glazed_terracotta": {
    "blockshape": "terracotta",
    "sound": "stone",
    "textures": "lime_glazed_terracotta"
  },
  "lit_furnace": {
    "sound": "stone",
    "textures": {
      "down": "furnace_top",
      "east": "furnace_front_on",
      "north": "furnace_side",
      "south": "furnace_side",
      "up": "furnace_top",
      "west": "furnace_side"
    }
  },
  "lit_blast_furnace": {
    "sound": "stone",
    "textures": {
      "down": "comparator_stone_slab",
      "east": "blast_furnace_front_on",
      "north": "blast_furnace_side",
      "south": "blast_furnace_side",
      "up": "blast_furnace_top_on",
      "west": "blast_furnace_side"
    }
  },
  "lit_pumpkin": {
    "sound": "wood",
    "textures": {
      "down": "pumpkin_bottom",
      "east": "pumpkin_side",
      "north": "pumpkin_side",
      "south": "pumpkin_face",
      "up": "pumpkin_top",
      "west": "pumpkin_side"
    }
  },
  "lit_redstone_lamp": {
    "sound": "glass",
    "textures": "redstone_lamp_on"
  },
  "lit_redstone_ore": {
    "sound": "stone",
    "textures": "redstone_ore"
  },
  "oak_log": {
    "textures": {
      "up": "oak_log_top",
      "down": "oak_log_top",
      "side": "oak_log_side"
    },
    "sound": "wood"
  },
  "spruce_log": {
    "textures": {
      "up": "spruce_log_top",
      "down": "spruce_log_top",
      "side": "spruce_log_side"
    },
    "sound": "wood"
  },
  "birch_log": {
    "textures": {
      "up": "birch_log_top",
      "down": "birch_log_top",
      "side": "birch_log_side"
    },
    "sound": "wood"
  },
  "jungle_log": {
    "textures": {
      "up": "jungle_log_top",
      "down": "jungle_log_top",
      "side": "jungle_log_side"
    },
    "sound": "wood"
  },
  "acacia_log": {
    "textures": {
      "up": "acacia_log_top",
      "down": "acacia_log_top",
      "side": "acacia_log_side"
    },
    "sound": "wood"
  },
  "dark_oak_log": {
    "textures": {
      "up": "dark_oak_log_top",
      "down": "dark_oak_log_top",
      "side": "dark_oak_log_side"
    },
    "sound": "wood"
  },
  "oak_fence": {
	  "blockshape": "fence",
	  "textures": "oak_fence",
	  "sound": "wood"
  },
  "acacia_fence": {
	  "blockshape": "fence",
	  "textures": "acacia_fence",
	  "sound": "wood"
  },
  "birch_fence": {
	  "blockshape": "fence",
	  "textures": "birch_fence",
	  "sound": "wood"
  },
  "dark_oak_fence": {
	  "blockshape": "fence",
	  "textures": "dark_oak_fence",
	  "sound": "wood"
  },
  "jungle_fence": {
	  "blockshape": "fence",
	  "textures": "jungle_fence",
	  "sound": "wood"
  },
  "spruce_fence": {
	  "blockshape": "fence",
	  "textures": "spruce_fence",
	  "sound": "wood"
  },
  "magenta_glazed_terracotta": {
    "blockshape": "terracotta",
    "sound": "stone",
    "textures": "magenta_glazed_terracotta"
  },
  "melon_block": {
    "sound": "wood",
    "textures": {
      "down": "melon_bottom",
      "side": "melon_side",
      "up": "melon_top"
    }
  },
  "melon_stem": {
    "blockshape": "stem",
    "sound": "wood",
    "textures": "melon_stem"
  },
  "mob_spawner": {
    "carried_textures": {
      "down": "mob_spawner_top",
      "east": "mob_spawner",
      "north": "mob_spawner",
      "south": "mob_spawner",
      "up": "mob_spawner_top",
      "west": "mob_spawner"
    },
    "sound": "metal",
    "textures": {
      "down": "mob_spawner_top",
      "side": "mob_spawner",
      "up": "mob_spawner_top"
    }
  },
  "monster_egg": {
    "textures": "monster_egg"
  },
  "mossy_cobblestone": {
    "sound": "stone",
    "textures": "cobblestone_mossy"
  },
  "movingBlock": {
    "blockshape": "invisible",
    "textures": "missing_tile"
  },
  "mycelium": {
    "isotropic": {
      "down": true,
      "up": true
    },
    "sound": "grass",
    "textures": {
      "down": "mycelium_bottom",
      "side": "mycelium_side",
      "up": "mycelium_top"
    }
  },
  "nether_brick": {
    "brightness_gamma": 0.8,
    "sound": "stone",
    "textures": "nether_brick"
  },
  "nether_brick_fence": {
    "blockshape": "fence",
    "sound": "stone",
    "textures": "nether_brick_fence"
  },
  "nether_brick_stairs": {
    "blockshape": "stairs",
    "textures": "nether_brick"
  },
  "nether_wart": {
    "blockshape": "rows",
    "textures": "nether_wart"
  },
  "netherrack": {
    "isotropic": true,
    "sound": "stone",
    "textures": "netherrack"
  },
  "netherreactor": {
    "sound": "metal",
    "textures": "reactor_core"
  },
  "noteblock": {
    "textures": "noteblock"
  },
  "oak_stairs": {
    "blockshape": "stairs",
    "sound": "wood",
    "textures": "wood_oak"
  },
  "observer": {
    "blockshape": "facing_block",
    "carried_textures": {
      "down": "observer_top",
      "east": "observer_east",
      "north": "observer_north",
      "south": "observer_north",
      "up": "observer_top",
      "west": "observer_east"
    },
    "sound": "stone",
    "textures": {
      "down": "observer_top",
      "east": "observer_west",
      "north": "observer_north",
      "south": "observer_south",
      "up": "observer_top",
      "west": "observer_east"
    }
  },
  "obsidian": {
    "brightness_gamma": 2,
    "sound": "stone",
    "textures": "obsidian"
  },
  "orange_glazed_terracotta": {
    "blockshape": "terracotta",
    "sound": "stone",
    "textures": "orange_glazed_terracotta"
  },
  "packed_ice": {
    "sound": "glass",
    "textures": "ice_packed"
  },
  "blue_ice": {
    "textures": "blue_ice",
    "sound": "glass"
  },
  "pink_glazed_terracotta": {
    "blockshape": "terracotta",
    "sound": "stone",
    "textures": "pink_glazed_terracotta"
  },
  "piston": {
    "blockshape": "piston",
    "carried_textures": {
      "down": "piston_bottom",
      "side": "piston_side",
      "up": "piston_top_normal"
    },
    "sound": "stone",
    "textures": {
      "down": "piston_bottom",
      "side": "piston_side",
      "up": "piston_top"
    }
  },
  "pistonArmCollision": {
    "blockshape": "invisible",
    "textures": "piston_top"
  },
  "planks": {
    "sound": "wood",
    "textures": "planks"
  },
  "podzol": {
    "isotropic": {
      "down": true,
      "up": true
    },
    "sound": "gravel",
    "textures": {
      "down": "dirt_podzol_bottom",
      "side": "dirt_podzol_side",
      "up": "dirt_podzol_top"
    }
  },
  "portal": {
    "sound": "glass",
    "textures": "portal"
  },
  "potatoes": {
    "blockshape": "rows",
    "sound": "grass",
    "textures": "potatoes"
  },
  "powered_comparator": {
    "blockshape": "comparator",
    "sound": "wood",
    "textures": {
      "down": "comparator_torch",
      "side": "comparator_stone_slab",
      "up": "comparator_up"
    }
  },
  "powered_repeater": {
    "blockshape": "repeater",
    "sound": "wood",
    "textures": {
      "down": "repeater_torch",
      "side": "repeater_floor",
      "up": "repeater_up"
    }
  },
  "prismarine": {
    "sound": "stone",
    "textures": "prismarine"
  },
  "pumpkin": {
    "sound": "wood",
    "textures": {
      "down": "pumpkin_bottom",
      "east": "pumpkin_side",
      "north": "pumpkin_side",
      "south": "pumpkin_face",
      "up": "pumpkin_top",
      "west": "pumpkin_side"
    }
  },
  "pumpkin_stem": {
    "blockshape": "stem",
    "sound": "wood",
    "textures": "pumpkin_stem"
  },
  "purple_glazed_terracotta": {
    "blockshape": "terracotta",
    "sound": "stone",
    "textures": "purple_glazed_terracotta"
  },
  "purpur_block": {
    "blockshape": "tree",
    "sound": "stone",
    "textures": {
      "down": "purpur_block_bottom",
      "side": "purpur_block_side",
      "up": "purpur_block_top"
    }
  },
  "purpur_stairs": {
    "blockshape": "stairs",
    "textures": "stair_purpur_block"
  },
  "quartz_block": {
    "sound": "stone",
    "textures": {
      "down": "quartz_block_bottom",
      "side": "quartz_block_side",
      "up": "quartz_block_top"
    }
  },
  "quartz_ore": {
    "sound": "stone",
    "textures": "quartz_ore"
  },
  "quartz_stairs": {
    "textures": "stair_quartz_block",
    "sound": "stone"
  },
  "rail": {
    "blockshape": "rail",
    "sound": "metal",
    "textures": {
      "down": "rail_normal",
      "side": "rail_normal",
      "up": "rail_normal_turned"
    }
  },
  "red_flower": {
    "blockshape": "cross_texture",
    "sound": "grass",
    "textures": "red_flower"
  },
  "red_glazed_terracotta": {
    "blockshape": "terracotta",
    "sound": "stone",
    "textures": "red_glazed_terracotta"
  },
  "red_mushroom": {
    "blockshape": "cross_texture",
    "sound": "grass",
    "textures": "mushroom_red"
  },
  "red_mushroom_block": {
    "sound": "wood",
    "textures": {
      "down": "mushroom_red_bottom",
      "east": "mushroom_red_east",
      "north": "mushroom_red_north",
      "south": "mushroom_red_south",
      "up": "mushroom_red_top",
      "west": "mushroom_red_west"
    }
  },
  "red_sandstone": {
    "brightness_gamma": 0.7,
    "isotropic": {
      "down": true,
      "up": true
    },
    "sound": "stone",
    "textures": {
      "down": "redsandstone_bottom",
      "side": "redsandstone_side",
      "up": "redsandstone_top"
    }
  },
  "red_sandstone_stairs": {
    "blockshape": "stairs",
    "isotropic": {
      "down": true,
      "up": true
    },
    "textures": "redsandstone_side"
  },
  "redstone_block": {
    "sound": "stone",
    "textures": "redstone_block"
  },
  "redstone_lamp": {
    "sound": "glass",
    "textures": "redstone_lamp_off"
  },
  "redstone_ore": {
    "sound": "stone",
    "textures": "redstone_ore"
  },
  "redstone_torch": {
    "blockshape": "torch",
    "sound": "wood",
    "textures": "redstone_torch_on"
  },
  "redstone_wire": {
    "blockshape": "red_dust",
    "textures": {
      "down": "redstone_dust_line",
      "side": "redstone_dust_line",
      "up": "redstone_dust_cross"
    }
  },
  "reeds": {
    "blockshape": "cross_texture",
    "sound": "grass",
    "textures": "reeds"
  },
  "repeating_command_block": {
    "blockshape": "command_block",
    "sound": "metal",
    "textures": {
      "down": "command_block_repeating_conditional_side",
      "east": "command_block_repeating_side",
      "north": "command_block_repeating_front",
      "south": "command_block_repeating_back",
      "up": "command_block_repeating_conditional_side",
      "west": "command_block_repeating_side"
    }
  },
  "reserved6": {
    "textures": "missing_tile"
  },
  "sand": {
    "brightness_gamma": 0.55,
    "isotropic": true,
    "sound": "sand",
    "textures": "sand"
  },
  "sandstone": {
    "brightness_gamma": 0.7,
    "isotropic": {
      "down": true,
      "up": true
    },
    "sound": "stone",
    "textures": {
      "down": "sandstone_bottom",
      "side": "sandstone_side",
      "up": "sandstone_top"
    }
  },
  "sandstone_stairs": {
    "blockshape": "stairs",
    "isotropic": {
      "down": true,
      "up": true
    },
    "textures": {
      "down": "sandstone_bottom",
      "side": "sandstone_side",
      "up": "sandstone_top"
    }
  },
  "sapling": {
    "blockshape": "cross_texture",
    "sound": "grass",
    "textures": "sapling"
  },
  "scaffolding": {
    "textures": {
      "up": "scaffolding_top",
      "down": "scaffolding_bottom",
      "side": "scaffolding_side"
    },
    "isotropic": false,
    "sound": "scaffolding"
  },
  "shulker_box": {
    "blockshape": "shulker_box",
    "sound": "stone",
    "carried_textures": {
      "down": "shulker_box_top",
      "side": "shulker_box_side",
      "up": "shulker_box_top"
    },
    "textures": {
      "down": "shulker_box_top",
      "side": "shulker_box_side",
      "up": "shulker_box_top"
    }
  },
  "undyed_shulker_box": {
    "blockshape": "shulker_box",
    "sound": "stone",
    "carried_textures": {
      "down": "undyed_shulker_box_top",
      "side": "undyed_shulker_box_side",
      "up": "undyed_shulker_box_top"
    },
    "textures": {
      "down": "undyed_shulker_box_top",
      "side": "undyed_shulker_box_side",
      "up": "undyed_shulker_box_top"
    }
  },
  "silver_glazed_terracotta": {
    "blockshape": "terracotta",
    "sound": "stone",
    "textures": "silver_glazed_terracotta"
  },
  "skull": {
    "blockshape": "invisible",
    "sound": "stone",
    "textures": "skull"
  },
  "smooth_quartz_stairs": {
    "textures": "stair_quartz_smooth",
    "sound": "stone"
  },
  "slime": {
    "blockshape": "slime_block",
    "sound": "slime",
    "textures": "slime_block"
  },
  "snow": {
    "brightness_gamma": 0.45,
    "isotropic": true,
    "sound": "snow",
    "textures": "snow"
  },
  "snow_layer": {
    "blockshape": "top_snow",
    "brightness_gamma": 0.45,
    "isotropic": true,
    "sound": "snow",
    "textures": "snow"
  },
  "soul_sand": {
    "sound": "sand",
    "textures": "soul_sand"
  },
  "sponge": {
    "isotropic": true,
    "sound": "grass",
    "textures": "sponge"
  },
  "spruce_door": {
    "blockshape": "door",
    "sound": "wood",
    "textures": {
      "down": "door_lower",
      "side": "door_upper",
      "up": "door_lower"
    }
  },
  "spruce_fence_gate": {
    "blockshape": "fence_gate",
    "sound": "wood",
    "textures": "spruce_gate"
  },
  "spruce_stairs": {
    "blockshape": "stairs",
    "sound": "wood",
    "textures": "wood_spruce"
  },
  "stained_glass": {
    "sound": "glass",
    "textures": "stained_glass"
  },
  "stained_glass_pane": {
    "blockshape": "double_side_fence",
    "sound": "glass",
    "textures": {
      "down": "stained_glass",
      "east": "stained_glass_pane_top",
      "north": "stained_glass",
      "south": "stained_glass",
      "up": "stained_glass",
      "west": "stained_glass"
    }
  },
  "stained_hardened_clay": {
    "isotropic": true,
    "sound": "stone",
    "textures": "stained_clay"
  },
  "standing_sign": {
    "blockshape": "invisible",
    "sound": "wood",
    "textures": "sign"
  },
  "sticky_piston": {
    "blockshape": "piston",
    "carried_textures": {
      "down": "piston_bottom",
      "side": "piston_side",
      "up": "piston_top_sticky"
    },
    "sound": "stone",
    "textures": {
      "down": "piston_bottom",
      "side": "piston_side",
      "up": "piston_top"
    }
  },
  "stone": {
    "sound": "stone",
    "textures": "stone"
  },
  "stone_brick_stairs": {
    "blockshape": "stairs",
    "textures": "stonebrick"
  },
  "stone_button": {
    "sound": "stone",
    "textures": "stone_button",
    "carried_textures": "stone_button"
  },
  "stone_pressure_plate": {
    "sound": "stone",
    "carried_textures": "stone_pressure_plate",
    "textures": "stone_pressure_plate"
  },
  "stone_slab": {
    "blockshape": "block_half",
    "sound": "stone",
    "textures": {
      "down": "stone_slab_bottom",
      "side": "stone_slab_side",
      "up": "stone_slab_top"
    }
  },
  "stone_slab2": {
    "blockshape": "block_half",
    "sound": "stone",
    "textures": {
      "down": "stone_slab_bottom_2",
      "side": "stone_slab_side_2",
      "up": "stone_slab_top_2"
    }
  },
  "stone_stairs": {
    "blockshape": "stairs",
    "textures": "cobblestone"
  },
  "stonebrick": {
    "sound": "stone",
    "textures": "stonebrick"
  },
  "stonecutter": {
    "sound": "stone",
    "textures": {
      "down": "stonecutter_bottom",
      "east": "stonecutter_other_side",
      "north": "stonecutter_side",
      "south": "stonecutter_side",
      "up": "stonecutter_top",
      "west": "stonecutter_other_side"
    }
  },
  "structure_block": {
    "textures": "structure_block"
  },
  "structure_void": {
    "blockshape": "structure_void",
    "textures": "structure_void"
  },
  "tallgrass": {
    "blockshape": "cross_texture",
    "carried_textures": "tallgrass_carried",
    "sound": "grass",
    "textures": "tallgrass"
  },
  "seagrass": {
    "textures": {
      "up": "seagrass_short",
      "down": "seagrass_tall_bot_a",
      "north": "seagrass_tall_top_a",
      "south": "seagrass_tall_bot_b",
      "west": "seagrass_tall_top_b",
      "east": "seagrass_tall_top_a"
    },
    "carried_textures": "seagrass_carried",
    "sound": "grass"
  },
  "kelp": {
    "textures": {
      "down": "kelp_d",
      "up": "kelp_c",
      "north": "kelp_a",
      "south": "kelp_b",
      "east": "kelp_top",
      "west": "kelp_top_bulb"
    },
    "sound": "grass"
  },
  "tnt": {
    "isotropic": {
      "down": true,
      "up": true
    },
    "sound": "grass",
    "textures": {
      "down": "tnt_bottom",
      "side": "tnt_side",
      "up": "tnt_top"
    }
  },
  "torch": {
    "blockshape": "torch",
    "sound": "wood",
    "textures": "torch_on"
  },
  "trapped_chest": {
    "blockshape": "chest",
    "sound": "wood",
    "textures": {
      "down": "chest_inventory_top",
      "east": "chest_inventory_side",
      "north": "chest_inventory_side",
      "south": "trapped_chest_inventory_front",
      "up": "chest_inventory_top",
      "west": "chest_inventory_side"
    }
  },
  "tripWire": {
    "blockshape": "tripwire",
    "textures": "trip_wire"
  },
  "tripwire_hook": {
    "blockshape": "tripwire_hook",
    "textures": {
      "down": "trip_wire_base",
      "east": "trip_wire",
      "north": "trip_wire_source",
      "south": "trip_wire",
      "up": "trip_wire_source",
      "west": "trip_wire"
    }
  },
  "unlit_redstone_torch": {
    "blockshape": "torch",
    "sound": "wood",
    "textures": "redstone_torch_off"
  },
  "unpowered_comparator": {
    "blockshape": "comparator",
    "sound": "wood",
    "textures": {
      "down": "comparator_torch",
      "side": "comparator_stone_slab",
      "up": "comparator_up"
    }
  },
  "unpowered_repeater": {
    "blockshape": "repeater",
    "sound": "wood",
    "textures": {
      "down": "repeater_torch",
      "side": "repeater_floor",
      "up": "repeater_up"
    }
  },
  "vine": {
    "blockshape": "vine",
    "carried_textures": "vine_carried",
    "sound": "grass",
    "textures": "vine"
  },
  "wall_sign": {
    "blockshape": "invisible",
    "sound": "wood",
    "textures": "planks"
  },
  "water": {
    "blockshape": "water",
    "textures": {
      "down": "still_water",
      "side": "flowing_water",
      "up": "still_water"
    }
  },
  "waterlily": {
    "blockshape": "lilypad",
    "carried_textures": "waterlily_carried",
    "sound": "grass",
    "textures": "waterlily"
  },
  "web": {
    "blockshape": "cross_texture",
    "textures": "web"
  },
  "wheat": {
    "blockshape": "rows",
    "sound": "grass",
    "textures": "wheat"
  },
  "white_glazed_terracotta": {
    "blockshape": "terracotta",
    "sound": "stone",
    "textures": "white_glazed_terracotta"
  },
  "wooden_button": {
    "sound": "wood",
    "textures": "wood_button",
    "carried_textures": "wood_button"
  },
  "acacia_button": {
    "sound": "wood",
    "textures": "acacia_button",
    "carried_textures": "acacia_button"
  },
  "jungle_button": {
    "sound": "wood",
    "textures": "jungle_button",
    "carried_textures": "jungle_button"
  },
  "birch_button": {
    "sound": "wood",
    "textures": "birch_button",
    "carried_textures": "birch_button"
  },
  "spruce_button": {
    "sound": "wood",
    "textures": "spruce_button",
    "carried_textures": "spruce_button"
  },
  "dark_oak_button": {
    "sound": "wood",
    "textures": "dark_oak_button",
    "carried_textures": "dark_oak_button"
  },
  "wooden_door": {
    "blockshape": "door",
    "sound": "wood",
    "textures": {
      "down": "door_lower",
      "side": "door_upper",
      "up": "door_lower"
    }
  },
  "wooden_pressure_plate": {
    "sound": "wood",
    "carried_textures": "oak_pressure_plate",
    "textures": "oak_pressure_plate"
  },
  "birch_pressure_plate": {
    "sound": "wood",
    "carried_textures": "birch_pressure_plate",
    "textures": "birch_pressure_plate"
  },
  "dark_oak_pressure_plate": {
    "sound": "wood",
    "carried_textures": "dark_oak_pressure_plate",
    "textures": "dark_oak_pressure_plate"
  },
  "jungle_pressure_plate": {
    "sound": "wood",
    "carried_textures": "jungle_pressure_plate",
    "textures": "jungle_pressure_plate"
  },
  "acacia_pressure_plate": {
    "sound": "wood",
    "carried_textures": "acacia_pressure_plate",
    "textures": "acacia_pressure_plate"
  },
  "spruce_pressure_plate": {
    "sound": "wood",
    "carried_textures": "spruce_pressure_plate",
    "textures": "spruce_pressure_plate"
  },
  "wooden_slab": {
    "blockshape": "block_half",
    "sound": "wood",
    "textures": "planks"
  },
  "wool": {
    "sound": "cloth",
    "textures": "wool"
  },
  "yellow_flower": {
    "blockshape": "cross_texture",
    "sound": "grass",
    "textures": "yellow_flower"
  },
  "yellow_glazed_terracotta": {
    "blockshape": "terracotta",
    "sound": "stone",
    "textures": "yellow_glazed_terracotta"
  },
  "crimson_roots": {
    "textures": {
      "up": "crimson_roots",
      "down": "crimson_roots",
      "north": "crimson_roots",
      "south": "crimson_roots",
      "west": "crimson_roots",
      "east": "crimson_roots"
    },
    "sound": "grass"
  },
  "warped_roots": {
    "textures": {
      "up": "warped_roots",
      "down": "warped_roots",
      "north": "warped_roots",
      "south": "warped_roots_pot",
      "west": "warped_roots",
      "east": "warped_roots"
    },
    "sound": "grass"
  },
  "crimson_fungus": {
    "textures": "nether_shroom_red",
    "sound": "grass"
  },
  "warped_fungus": {
    "textures": "nether_shroom_blue",
    "sound": "grass"
  },
  "blue_nether_wart_block": {
      "textures": "blue_nether_wart",
      "sound": "wood"
  },
  "crimson_stem": {
    "textures": {
      "up": "crimson_log_top",
      "down": "crimson_log_top",
      "north": "crimson_log_side",
      "south": "crimson_log_side",
      "west": "crimson_log_side",
      "east": "crimson_log_side"
    },
    "sound": "wood"
  },
  "warped_stem": {
    "textures": {
      "up": "warped_stem_top",
      "down": "warped_stem_top",
      "north": "warped_stem_side",
      "south": "warped_stem_side",
      "west": "warped_stem_side",
      "east": "warped_stem_side"
    },
    "sound": "wood"
  },
  "stripped_crimson_stem": {
    "textures": {
      "up": "stripped_crimson_stem_top",
      "down": "stripped_crimson_stem_top",
      "north": "stripped_crimson_stem_side",
      "south": "stripped_crimson_stem_side",
      "west": "stripped_crimson_stem_side",
      "east": "stripped_crimson_stem_side"
    },
    "sound": "wood"
  },
  "stripped_warped_stem": {
    "textures": {
      "up": "stripped_warped_stem_top",
      "down": "stripped_warped_stem_top",
      "north": "stripped_warped_stem_side",
      "south": "stripped_warped_stem_side",
      "west": "stripped_warped_stem_side",
      "east": "stripped_warped_stem_side"
    },
    "sound": "wood"
  },
  "shroomlight_block": {
    "textures": "shroomlight",
    "sound": "wood"
  },
  "crimson_nylium": {
    "isotropic": {
      "up": true,
      "down": true
    },
    "textures": {
      "up": "crimson_nylium_top",
      "down": "netherrack",
      "north": "crimson_nylium_side",
      "south": "crimson_nylium_side",
      "west": "crimson_nylium_side",
      "east": "crimson_nylium_side"
    },
    "sound": "grass"
  },
  "warped_nylium": {
    "isotropic": {
      "up": true,
      "down": true
    },
    "textures": {
      "up": "warped_nylium_top",
      "down": "netherrack",
      "north": "warped_nylium_side",
      "south": "warped_nylium_side",
      "west": "warped_nylium_side",
      "east": "warped_nylium_side"
    },
    "sound": "grass"
  },
  "weeping_vines_block": {
    "textures": {
      "down": "weeping_vines_bottom",
      "up": "weeping_vines_base",
      "north": "weeping_vines_base",
      "south": "weeping_vines_base",
      "west": "weeping_vines_base",
      "east": "weeping_vines_base"
    },
    "sound": "grass"
  },
  "basalt_block": {
    "textures": {
      "up": "basalt_top",
      "down": "basalt_top",
      "side": "basalt_side"
      },
    "sound": "stone"
  },
  "polished_basalt_block": {
    "textures": {
      "up": "polished_basalt_top",
      "down": "polished_basalt_top",
      "side": "polished_basalt_side"
      },
    "sound": "stone"
  },
  "soul_soil_block": {
    "textures": "soul_soil",
    "sound": "sand"
  },
  "blue_fire": {
    "textures": {
      "up": "blue_fire_0",
      "down": "blue_fire_1",
      "north": "blue_fire_0",
      "south": "blue_fire_0",
      "west": "blue_fire_0",
      "east": "blue_fire_0"
    },
    "sound": "stone"
  },
  "nether_sprouts": {
    "textures": "nether_sprouts",
    "sound": "grass"
  },
  "target_block": {
    "textures": {
      "up": "target_block_top",
      "down": "target_block_top",
      "side": "target_block_side"
    },
    "sound": "grass"
  },
  "soul_torch": {
	"blockshape": "torch",
    "textures": "soul_torch",
    "sound": "wood"
  },
  "soul_lantern": {
    "textures": "soul_lantern",
    "carried_textures": "soul_lantern_carried",
    "sound": "lantern"
  },
  "netherite_block": {
    "carried_textures": {
	  "down": "netherite_block_top",
	  "east": "netherite_block",
	  "north": "netherite_block",
	  "south": "netherite_block",
	  "up": "netherite_block_top",
	  "west": "netherite_block"
	},
	"textures": {
      "down": "netherite_block_top",
      "side": "netherite_block",
      "up": "netherite_block_top"
    },
    "sound": "metal"
  },
  "ancient_debris": {
    "textures": {
      "up": "ancient_debris_top",
      "down": "ancient_debris_top",
      "north": "ancient_debris_side",
      "south": "ancient_debris_side",
      "west": "ancient_debris_side",
      "east": "ancient_debris_side"
    },
    "sound": "metal"
  },
  "warped_standing_sign": {
    "textures": "warped_sign",
    "sound": "wood"
  },
  "crimson_standing_sign": {
    "textures": "crimson_sign",
    "sound": "wood"
  },
  "warped_wall_sign": {
    "textures": "warped_sign",
    "sound": "wood"
  },
  "crimson_wall_sign": {
    "textures": "crimson_sign",
    "sound": "wood"
  },
  "crimson_door": {
    "textures": {
      "up": "crimson_door_lower",
      "down": "crimson_door_lower",
      "side": "crimson_door_top"
    },
    "sound": "wood"
  },
  "warped_door": {
    "textures": {
      "up": "warped_door_lower",
      "down": "warped_door_lower",
      "side": "warped_door_top"
    }
  },
  "crimson_planks": {
    "textures": "crimson_planks",
    "sound": "wood"
  },
  "warped_planks": {
    "textures": "warped_planks",
    "sound": "wood"
  },
  "crimson_trap_door": {
    "textures": "crimson_trap_door",
    "sound": "wood"
  },
  "warped_trapdoor": {
    "textures": "warped_trapdoor",
    "sound": "wood"
  },
  "crimson_fence": {
    "textures": "crimson_fence",
    "sound": "wood"
  },
  "warped_fence": {
    "textures": "warped_fence",
    "sound": "wood"
  },
  "crimson_fence_gate": {
    "textures": "crimson_gate",
    "sound": "wood"
  },
  "warped_fence_gate": {
    "textures": "warped_gate",
    "sound": "wood"
  },
  "crimson_double_slab": {
    "textures": "crimson_planks",
    "sound": "wood"
  },
  "crimson_slab": {
    "textures": "crimson_planks",
    "sound": "wood"
  },
  "warped_double_slab": {
    "textures": "warped_planks",
    "sound": "wood"
  },
  "warped_slab": {
    "textures": "warped_planks",
    "sound": "wood"
  },
  "crimson_stairs": {
    "textures": "crimson_planks",
    "sound": "wood"
  },
  "warped_stairs": {
    "textures": "warped_planks",
    "sound": "wood"
  },
  "crimson_button": {
    "textures": "crimson_button",
    "sound": "wood"
  },
  "warped_button": {
    "textures": "warped_button",
    "sound": "wood"
  },
  "crimson_pressure_plate": {
    "textures": "crimson_pressure_plate",
    "sound": "wood"
  },
  "warped_pressure_plate": {
    "textures": "warped_pressure_plate",
    "sound": "wood"
  },
  "respawn_anchor": {
    "textures": {
      "down": "respawn_anchor_bottom",
      "up": "respawn_anchor_top",
      "north": "respawn_anchor_side",
      "east": "respawn_anchor_side",
      "south": "respawn_anchor_side",
      "west": "respawn_anchor_side"
    },
    "sound": "metal"
  },
  "crying_obsidian": {
    "brightness_gamma": 2,
    "sound": "stone",
    "textures": "crying_obsidian"
  },
  "blackstone_slab": {
    "textures": "blackstone",
    "sound": "stone"
  },
  "blackstone_double_slab": {
    "textures": "blackstone",
    "sound": "stone"
  },
  "blackstone": {
    "textures": {
      "up": "blackstone_top",
      "down": "blackstone_top",
      "side": "blackstone"
    },
    "sound": "stone"
  },
  "polished_blackstone_bricks": {
    "textures": "polished_blackstone_bricks",
    "sound": "stone"
  },
  "polished_blackstone_brick_stairs": {
    "textures": "polished_blackstone_bricks",
    "sound": "stone"
  },
  "blackstone_brick_stairs": {
    "textures": "blackstone_bricks",
    "sound": "stone"
  },
  "blackstone_stairs": {
    "textures": "blackstone",
    "sound": "stone"
  },
  "blackstone_wall": {
    "textures": "blackstone",
    "sound": "stone"
  },
  "polished_blackstone_brick_wall": {
    "textures": "polished_blackstone_bricks",
    "sound": "stone"
  },
  "chiseled_polished_blackstone": {
    "textures": "chiseled_polished_blackstone",
    "sound": "stone"
  },
  "cracked_polished_blackstone_bricks": {
    "textures": "cracked_polished_blackstone_bricks",
    "sound": "stone"
  },
  "gilded_blackstone": {
    "textures": "gilded_blackstone",
    "sound": "stone"
  },
  "polished_blackstone_brick_slab": {
    "textures": "polished_blackstone_bricks",
    "sound": "stone"
  },
  "polished_blackstone_brick_double_slab": {
    "textures": "polished_blackstone_bricks",
    "sound": "stone"
  },
  "chain": {
    "textures": {
      "up": "chain1",
      "down": "chain1",
      "side": "chain2"
    },
    "sound": "iron"
  },
  "polished_blackstone": {
    "textures": "polished_blackstone",
    "sound": "stone"
  },
  "polished_blackstone_stairs": {
    "textures": "polished_blackstone",
    "sound": "stone"
  },
  "polished_blackstone_slab": {
    "textures": "polished_blackstone",
    "sound": "stone"
  },
  "polished_blackstone_double_slab": {
    "textures": "polished_blackstone",
    "sound": "stone"
  },
  "polished_blackstone_pressure_plate": {
    "textures": "polished_blackstone",
    "sound": "stone"
  },
  "polished_blackstone_button": {
    "textures": "blackstone_button",
    "sound": "stone"
  },
  "polished_blackstone_wall": {
    "textures": "polished_blackstone",
    "sound": "stone"
  },
  "chiseled_nether_bricks": {
    "textures": "chiseled_nether_bricks",
    "sound": "stone"
  },
  "cracked_nether_bricks": {
    "textures": "cracked_nether_bricks",
    "sound": "stone"
  },
  "spruce_wall_sign": {
    "textures": "spruce_sign",
    "sound": "wood"
  },
  "spruce_standing_sign": {
    "textures": "spruce_sign",
    "sound": "wood"
  },
  "birch_wall_sign": {
    "textures": "birch_sign",
    "sound": "wood"
  },
  "birch_standing_sign": {
    "textures": "birch_sign",
    "sound": "wood"
  },
  "jungle_wall_sign": {
    "textures": "jungle_sign",
    "sound": "wood"
  },
  "jungle_standing_sign": {
    "textures": "jungle_sign",
    "sound": "wood"
  },
  "acacia_wall_sign": {
    "textures": "acacia_sign",
    "sound": "wood"
  },
  "acacia_standing_sign": {
    "textures": "acacia_sign",
    "sound": "wood"
  },
  "darkoak_wall_sign": {
    "textures": "darkoak_sign",
    "sound": "wood"
  },
  "darkoak_standing_sign": {
    "textures": "darkoak_sign",
    "sound": "wood"
  },
  "barrel": {
    "textures": {
      "up": "barrel_side",
      "down": "barrel_side",
      "north": "barrel_top",
      "south": "barrel_bottom",
      "east": "barrel_side",
      "west": "barrel_side"
    },
    "sound": "wood"
  },
  "smithing_table": {
    "textures": {
      "up": "smithing_table_top",
      "down": "smithing_table_bottom",
      "north": "smithing_table_front",
      "south": "smithing_table_front",
      "west": "smithing_table_side",
      "east": "smithing_table_side"
    },
    "sound": "wood"
  },
  "smoker": {
    "textures": {
      "up": "smoker_top",
      "down": "smoker_bottom",
      "north": "smoker_side",
      "south": "smoker_front_off",
      "west": "smoker_side",
      "east": "smoker_side"
    },
    "sound": "stone"
  },
  "lit_smoker": {
    "textures": {
      "up": "smoker_top",
      "down": "smoker_bottom",
      "north": "smoker_side",
      "south": "smoker_side",
      "west": "smoker_side",
      "east": "smoker_front_on"
    },
    "sound": "stone"
  },
  "deepslate_lapis_ore": {
    "isotropic": false,
    "textures": {
      "down": "deepslate_lapis_ore_top",
      "side": "deepslate_lapis_ore",
      "up": "deepslate_lapis_ore_top"
    },
    "sound": "deepslate"
  },
  "deepslate_iron_ore": {
    "isotropic": false,
    "textures": {
      "down": "deepslate_iron_ore_top",
      "side": "deepslate_iron_ore",
      "up": "deepslate_iron_ore_top"
    },
    "sound": "deepslate"
  },
  "deepslate_gold_ore": {
    "isotropic": false,
    "textures": {
      "down": "deepslate_gold_ore_top",
      "side": "deepslate_gold_ore",
      "up": "deepslate_gold_ore_top"
    },
    "sound": "deepslate"
  },
  "deepslate_redstone_ore": {
    "isotropic": false,
    "textures": {
      "down": "deepslate_redstone_ore_top",
      "side": "deepslate_redstone_ore",
      "up": "deepslate_redstone_ore_top"
    },
    "sound": "deepslate"
  },
  "lit_deepslate_redstone_ore": {
    "isotropic": false,
    "textures": {
      "down": "deepslate_redstone_ore_top",
      "side": "deepslate_redstone_ore",
      "up": "deepslate_redstone_ore_top"
    },
    "sound": "deepslate"
  },
  "deepslate_diamond_ore": {
    "isotropic": false,
    "textures": {
      "down": "deepslate_diamond_ore_top",
      "side": "deepslate_diamond_ore",
      "up": "deepslate_diamond_ore_top"
    },
    "sound": "deepslate"
  },
  "deepslate_coal_ore": {
    "isotropic": false,
    "textures": {
      "down": "deepslate_coal_ore_top",
      "side": "deepslate_coal_ore",
      "up": "deepslate_coal_ore_top"
    },
    "sound": "deepslate"
  },
  "deepslate_emerald_ore": {
    "isotropic": false,
	"textures": {
      "down": "deepslate_emerald_ore_top",
      "side": "deepslate_emerald_ore",
      "up": "deepslate_emerald_ore_top"
    },
    "sound": "deepslate"
  },
  "deepslate_copper_ore": {
    "isotropic": false,
    "textures": {
      "down": "deepslate_copper_ore_top",
      "side": "deepslate_copper_ore",
      "up": "deepslate_copper_ore_top"
    },
    "sound": "deepslate"
  },
  "deepslate": {
    "isotropic": {
      "up": false,
      "down": false
    },
    "textures": {
      "up": "deepslate_top",
      "down": "deepslate_top",
      "side": "deepslate"
    },
    "sound": "deepslate"
  },
  "infested_deepslate": {
    "isotropic": {
      "up": false,
      "down": false
    },
    "textures": {
      "up": "deepslate_top",
      "down": "deepslate_top",
      "side": "deepslate"
    },
    "sound": "deepslate"
  },
  "copper_block": {
    "carried_textures": {
      "down": "copper_block_top",
      "east": "copper_block",
      "north": "copper_block",
      "south": "copper_block",
      "up": "copper_block_top",
      "west": "copper_block"
    },
    "sound": "metal",
    "textures": {
      "down": "copper_block_top",
      "side": "copper_block",
      "up": "copper_block_top"
    }
  },
  "exposed_copper": {
    "carried_textures": {
      "down": "exposed_copper_top",
      "east": "exposed_copper",
      "north": "exposed_copper",
      "south": "exposed_copper",
      "up": "exposed_copper_top",
      "west": "exposed_copper"
    },
    "sound": "metal",
    "textures": {
      "down": "exposed_copper_top",
      "side": "exposed_copper",
      "up": "exposed_copper_top"
    }
  },
  "weathered_copper": {
    "carried_textures": {
      "down": "weathered_copper_top",
      "east": "weathered_copper",
      "north": "weathered_copper",
      "south": "weathered_copper",
      "up": "weathered_copper_top",
      "west": "weathered_copper"
    },
    "sound": "metal",
    "textures": {
      "down": "weathered_copper_top",
      "side": "weathered_copper",
      "up": "weathered_copper_top"
    }
  },
  "oxidized_copper": {
    "carried_textures": {
      "down": "oxidized_copper_top",
      "east": "oxidized_copper",
      "north": "oxidized_copper",
      "south": "oxidized_copper",
      "up": "oxidized_copper_top",
      "west": "oxidized_copper"
    },
    "sound": "metal",
    "textures": {
      "down": "oxidized_copper_top",
      "side": "oxidized_copper",
      "up": "oxidized_copper_top"
    }
  },
  "waxed_copper": {
    "carried_textures": {
      "down": "copper_block_top",
      "east": "copper_block",
      "north": "copper_block",
      "south": "copper_block",
      "up": "copper_block_top",
      "west": "copper_block"
    },
    "sound": "metal",
    "textures": {
      "down": "copper_block_top",
      "side": "copper_block",
      "up": "copper_block_top"
    }
  },
  "waxed_exposed_copper": {
    "carried_textures": {
      "down": "exposed_copper_top",
      "east": "exposed_copper",
      "north": "exposed_copper",
      "south": "exposed_copper",
      "up": "exposed_copper_top",
      "west": "exposed_copper"
    },
    "sound": "metal",
    "textures": {
      "down": "exposed_copper_top",
      "side": "exposed_copper",
      "up": "exposed_copper_top"
    }
  },
  "waxed_weathered_copper": {
    "carried_textures": {
      "down": "weathered_copper_top",
      "east": "weathered_copper",
      "north": "weathered_copper",
      "south": "weathered_copper",
      "up": "weathered_copper_top",
      "west": "weathered_copper"
    },
    "sound": "metal",
    "textures": {
      "down": "weathered_copper_top",
      "side": "weathered_copper",
      "up": "weathered_copper_top"
    }
  },
  "waxed_oxidized_copper": {
    "carried_textures": {
      "down": "oxidized_copper_top",
      "east": "oxidized_copper",
      "north": "oxidized_copper",
      "south": "oxidized_copper",
      "up": "oxidized_copper_top",
      "west": "oxidized_copper"
    },
    "sound": "metal",
    "textures": {
      "down": "oxidized_copper_top",
      "side": "oxidized_copper",
      "up": "oxidized_copper_top"
    }
  },
  "mangrove_leaves": {
    "textures": "mangrove_leaves",
    "carried_textures": "mangrove_leaves_carried",
    "brightness_gamma": 0.80,
    "sound": "grass"
  },
  "mangrove_propagule": {
    "textures": "mangrove_propagule",
    "carried_textures": "mangrove_propagule",
    "sound": "wood"
  },
  "mangrove_propagule_hanging": {
    "textures": "mangrove_propagule_hanging",
    "sound": "wood"
  },
  "mangrove_roots": {
    "textures": {
      "up": "mangrove_roots_top",
      "down": "mangrove_roots_top",
      "north": "mangrove_roots_side",
      "south": "mangrove_roots_side",
      "west": "mangrove_roots_side",
      "east": "mangrove_roots_side"
    },
    "sound": "mangrove_roots"
  },
  "muddy_mangrove_roots": {
    "textures": {
      "up": "muddy_mangrove_roots_top",
      "down": "muddy_mangrove_roots_top",
      "north": "muddy_mangrove_roots_side",
      "south": "muddy_mangrove_roots_side",
      "west": "muddy_mangrove_roots_side",
      "east": "muddy_mangrove_roots_side"
    },
    "sound": "muddy_mangrove_roots"
  },
  "bamboo_button": {
    "textures": "bamboo_button",
	"carried_textures": "bamboo_button",
    "sound": "wood"
  },
  "bamboo_pressure_plate": {
    "textures": "bamboo_pressure_plate",
	"carried_textures": "bamboo_pressure_plate",
    "sound": "wood"
  },
  "mangrove_button": {
    "textures": "mangrove_button",
	"carried_textures": "mangrove_button",
    "sound": "wood"
  },
  "mangrove_pressure_plate": {
    "textures": "mangrove_pressure_plate",
	"carried_textures": "mangrove_pressure_plate",
    "sound": "wood"
  },
  "mangrove_fence": {
    "blockshape": "fence",
    "textures": "mangrove_fence",
	"sound": "wood"
  },
  "mangrove_fence_gate": {
	"blockshape": "fence_gate",
    "textures": "mangrove_gate",
    "sound": "wood"
  },
  "cherry_fence": {
    "blockshape": "fence",
    "textures": "cherry_fence",
    "sound": "cherry_wood"
  },
  "cherry_fence_gate": {
	"blockshape": "fence_gate",
    "textures": "cherry_gate",
    "sound": "cherry_wood"
  },
  "cherry_button": {
    "textures": "cherry_button",
	"carried_textures": "cherry_button",
    "sound": "cherry_wood"
  },
  "cherry_pressure_plate": {
    "textures": "cherry_pressure_plate",
	"carried_textures": "cherry_pressure_plate",
    "sound": "cherry_wood"
  },
  "chiseled_bookshelf": {
    "textures": {
      "up": "chiseled_bookshelf_top",
      "down": "chiseled_bookshelf_top",
      "north": "chiseled_bookshelf_front",
      "south": "chiseled_bookshelf_side",
      "east": "chiseled_bookshelf_side",
      "west": "chiseled_bookshelf_side"
    },
    "sound": "chiseled_bookshelf"
  }
}